NO.,STATION,NAME,DATE,AWND(avg wind speed),PRCP(precipitation),SNOW(snowfall),TAVG(temprature avg),WDF2,WSF2,WT01,WT02,WT03,WT04,WT05,WT06,WT08,WT09,WT13,WT14,WT15,WT16,WT17,WT18,WT19,WT22,YYYY,Date,Var.28,Tm,home,Opp,W/L,R,RA,Inn,W-L,Rank,GB,Win,Loss,Save,Time,D/N,Attendance,Streak,Orig. Scheduled
7,USW00014739,"BOSTON, MA US",4/13/12,8.05,0,0,41,330,16.1,0,0,0,0,0,0,0,0,0,0,0,0,0,0,0,0,2012,"Friday, Apr 13,2012",boxscore,BOS,,TBR,W,12,2,,5-Feb,5,2,Beckett,Price,,03:19,D,37032,+,
8,USW00014739,"BOSTON, MA US",4/14/12,10.07,0,0,48.9,250,17.9,0,0,0,0,0,0,0,0,0,0,0,0,0,0,0,0,2012,"Saturday, Apr 14,2012",boxscore,BOS,,TBR,W,13,5,,5-Mar,5,2,Buchholz,Badenhop,,03:18,D,38024,++,
9,USW00014739,"BOSTON, MA US",4/15/12,9.84,0,0,54,260,19.9,0,0,0,0,0,0,0,0,0,0,0,1,0,0,0,0,2012,"Sunday, Apr 15,2012",boxscore,BOS,,TBR,W,6,4,,5-Apr,4,1,Padilla,Moore,Aceves,03:12,D,38024,+++,
10,USW00014739,"BOSTON, MA US",4/16/12,9.62,0,0,59,210,21,0,0,0,0,0,0,0,0,0,0,0,1,0,0,0,0,2012,"Monday, Apr 16,2012",boxscore,BOS,,TBR,L,0,1,,6-Apr,5,2,Shields,Bard,Rodney,03:08,D,38108,-,
11,USW00014739,"BOSTON, MA US",4/17/12,11.63,0,0,57,270,23,0,0,0,0,0,0,0,0,0,0,0,0,0,0,0,0,2012,"Tuesday, Apr 17,2012",boxscore,BOS,,TEX,L,3,18,,7-Apr,5,3,Lewis,Lester,,03:25,N,38229,--,
12,USW00014739,"BOSTON, MA US",4/18/12,11.18,0,0,48.9,330,19.9,0,0,0,0,0,0,0,0,0,0,0,0,0,0,0,0,2012,"Wednesday, Apr 18,2012",boxscore,BOS,,TEX,L,3,6,,8-Apr,5,3,Holland,Beckett,,03:03,N,37967,---,
13,USW00014739,"BOSTON, MA US",4/20/12,12.3,0,0,48.9,200,23.9,0,0,0,0,0,0,0,0,0,0,0,0,0,0,0,0,2012,"Friday, Apr 20,2012",boxscore,BOS,,NYY,L,2,6,,9-Apr,5,3.5,Nova,Buchholz,,03:18,D,36770,----,
14,USW00014739,"BOSTON, MA US",4/21/12,11.86,0.01,0,54,200,23.9,0,0,0,0,0,0,0,0,0,0,0,1,0,0,0,0,2012,"Saturday, Apr 21,2012",boxscore,BOS,,NYY,L,9,15,,10-Apr,5,4.5,Soriano,Aceves,,03:52,D,37839,-----,
22,USW00014739,"BOSTON, MA US",4/30/12,10.74,0,0,41,200,17.9,0,0,0,0,0,0,0,0,0,0,0,0,0,0,0,0,2012,"Monday, Apr 30,2012",boxscore,BOS,,OAK,W,11,6,,11-Nov,5,3.5,Buchholz,Milone,,03:23,N,37359,+,
24,USW00014739,"BOSTON, MA US",5/1/12,12.53,0.6,0,45,130,25.1,1,0,0,0,0,0,0,0,1,1,0,1,0,0,0,0,2012,"Tuesday, May 1,2012",boxscore,BOS,,OAK,L,3,5,,12-Nov,5,4.5,Parker,Doubront,Norberto,03:31,N,37225,-,
25,USW00014739,"BOSTON, MA US",5/2/12,9.17,0,0,45,90,15,1,0,0,0,0,0,0,0,1,1,0,0,0,0,0,0,2012,"Wednesday, May 2,2012",boxscore,BOS,,OAK,L,2,4,,13-Nov,5,5.5,McCarthy,Bard,Fuentes,03:22,N,37434,--,
26,USW00014739,"BOSTON, MA US",5/4/12,6.71,0.01,0,48.9,210,14.1,0,1,0,0,0,0,0,0,1,0,0,1,0,0,0,0,2012,"Friday, May 4,2012",boxscore,BOS,,BAL,L,4,6,13,14-Nov,5,7,Patton,Morales,Johnson,04:37,N,37223,---,
27,USW00014739,"BOSTON, MA US",5/5/12,3.8,0.09,0,46,100,12.1,0,1,0,0,0,0,0,0,1,0,0,1,0,0,0,0,2012,"Saturday, May 5,2012",boxscore,BOS,,BAL,L,2,8,,15-Nov,5,7,Hammel,Cook,,02:56,D,37581,----,
28,USW00014739,"BOSTON, MA US",5/6/12,7.38,0,0,46,100,12.1,1,1,0,0,0,0,0,0,1,0,0,0,0,0,0,0,2012,"Sunday, May 6,2012",boxscore,BOS,,BAL,L,6,9,17,16-Nov,5,7.5,Davis,McDonald,,06:07,D,37394,-----,
32,USW00014739,"BOSTON, MA US",5/10/12,11.86,0.85,0,50,280,23,1,0,0,0,0,0,0,0,1,0,0,1,0,0,0,0,2012,"Thursday, May 10,2012",boxscore,BOS,,CLE,L,3,8,,19-Dec,5,7.5,Lowe,Beckett,,03:11,N,37348,---,
33,USW00014739,"BOSTON, MA US",5/11/12,10.51,0,0,46.9,300,23,0,0,0,0,0,0,0,0,0,0,0,0,0,0,0,0,2012,"Friday, May 11,2012",boxscore,BOS,,CLE,W,7,5,,13-19,5,7.5,Buchholz,Jimenez,Aceves,03:57,N,37438,+,
34,USW00014739,"BOSTON, MA US",5/12/12,10.51,0,0,50,270,23,0,0,0,0,0,0,0,0,0,0,0,0,0,0,0,0,2012,"Saturday, May 12,2012",boxscore,BOS,,CLE,W,4,1,,14-19,5,7.5,Doubront,McAllister,Aceves,02:30,N,38048,++,
35,USW00014739,"BOSTON, MA US",5/13/12,7.16,0,0,59,200,17,0,0,0,0,0,0,0,0,0,0,0,0,0,0,0,0,2012,"Sunday, May 13,2012",boxscore,BOS,,CLE,W,12,1,,15-19,5,6.5,Bard,Masterson,,02:37,D,37611,+++,
36,USW00014739,"BOSTON, MA US",5/14/12,5.82,0.09,0,53.1,90,13,1,0,0,0,0,0,0,0,1,0,0,1,0,0,0,0,2012,"Monday, May 14,2012",boxscore,BOS,,SEA,W,6,1,,16-19,5,5.5,Lester,Vargas,,02:25,N,37334,++++,
37,USW00014739,"BOSTON, MA US",5/15/12,10.07,0.5,0,55.9,180,19.9,1,0,0,0,0,0,0,0,1,0,0,1,0,0,0,0,2012,"Tuesday, May 15,2012",boxscore,BOS,,SEA,W,5,0,,17-19,5,5.5,Beckett,Beavan,,02:53,D,37292,+++++,
46,USW00014739,"BOSTON, MA US",5/25/12,8.28,0,0,57.9,220,17,1,0,0,0,0,0,0,0,1,0,0,0,0,0,0,0,2012,"Friday, May 25,2012",boxscore,BOS,,TBR,L,4,7,,22-23,5,6.5,Cobb,Lester,Rodney,03:25,N,37594,-,
47,USW00014739,"BOSTON, MA US",5/26/12,9.62,0,0,66,230,16.1,0,0,0,0,0,0,0,0,0,0,0,0,0,0,0,0,2012,"Saturday, May 26,2012",boxscore,BOS,,TBR,W-wo,3,2,,23-23,5,5.5,Hill,Rodney,,03:00,N,38099,+,
48,USW00014739,"BOSTON, MA US",5/27/12,9.62,0,0,64,50,15,0,0,0,0,0,0,0,0,0,0,0,0,0,0,0,0,2012,"Sunday, May 27,2012",boxscore,BOS,,TBR,L,3,4,,23-24,5,5.5,McGee,Aceves,Rodney,03:22,D,37844,-,
49,USW00014739,"BOSTON, MA US",5/28/12,9.17,0,0,60.1,100,15,1,0,0,0,0,0,0,0,1,0,0,0,0,0,0,0,2012,"Monday, May 28,2012",boxscore,BOS,,DET,W,7,4,,24-24,5,4.5,Doubront,Fister,,02:37,D,37921,+,
50,USW00014739,"BOSTON, MA US",5/29/12,7.83,0.17,0,59,330,17.9,0,1,1,0,0,0,1,0,0,0,0,1,0,0,0,0,2012,"Tuesday, May 29,2012",boxscore,BOS,,DET,W,6,3,,25-24,5,3.5,Bard,Verlander,Aceves,03:15,N,37216,++,
51,USW00014739,"BOSTON, MA US",5/30/12,6.26,0,0,61,270,13,1,0,0,0,0,0,0,0,0,0,0,1,0,0,0,0,2012,"Wednesday, May 30,2012",boxscore,BOS,,DET,W,6,4,,26-24,5,2.5,Albers,Dotel,Aceves,03:04,N,37195,+++,
52,USW00014739,"BOSTON, MA US",5/31/12,7.61,0,0,63,330,16.1,0,0,0,0,0,0,0,0,0,0,0,0,0,0,0,0,2012,"Thursday, May 31,2012",boxscore,BOS,,DET,L,3,7,,26-25,5,3,Scherzer,Beckett,,03:23,N,37629,-,
57,USW00014739,"BOSTON, MA US",6/5/12,8.05,0.13,0,50,30,19.9,0,0,0,0,0,0,0,0,1,0,0,1,0,0,0,0,2012,"Tuesday, Jun 5,2012",boxscore,BOS,,BAL,L,6,8,10,28-27,5,3,Johnson,Aceves,,03:34,N,37181,--,
58,USW00014739,"BOSTON, MA US",6/6/12,6.93,0,0,52,130,13,0,0,0,0,0,0,0,0,0,0,0,1,0,0,0,0,2012,"Wednesday, Jun 6,2012",boxscore,BOS,,BAL,L,1,2,,28-28,5,4,Chen,Beckett,Johnson,02:31,N,37243,---,
59,USW00014739,"BOSTON, MA US",6/7/12,6.26,0.04,0,54,40,23.9,0,1,0,0,0,0,0,0,1,0,0,1,0,0,0,0,2012,"Thursday, Jun 7,2012",boxscore,BOS,,BAL,W,7,0,,29-28,5,3,Buchholz,Matusz,,02:50,N,37307,+,
60,USW00014739,"BOSTON, MA US",6/8/12,8.05,0.31,0,54,300,29.1,0,1,1,0,0,0,0,0,0,0,0,1,0,0,0,0,2012,"Friday, Jun 8,2012",boxscore,BOS,,WSN,L,4,7,,29-29,5,4,Strasburg,Doubront,Clippard,03:13,N,37309,-,
61,USW00014739,"BOSTON, MA US",6/9/12,10.07,0,0,59,330,17,0,0,0,0,0,0,0,0,0,0,0,1,0,0,0,0,2012,"Saturday, Jun 9,2012",boxscore,BOS,,WSN,L,2,4,,29-30,5,5,Gonzalez,Matsuzaka,Clippard,02:53,D,37534,--,
62,USW00014739,"BOSTON, MA US",6/10/12,8.95,0,0,59,110,17.9,0,0,0,0,0,0,0,0,0,0,0,0,0,0,0,0,2012,"Sunday, Jun 10,2012",boxscore,BOS,,WSN,L,3,4,,29-31,5,6,Gorzelanny,Aceves,Clippard,03:06,D,37467,---,
69,USW00014739,"BOSTON, MA US",6/19/12,10.51,0,0,55.9,240,17.9,0,0,0,0,0,0,0,0,0,0,0,0,0,0,0,0,2012,"Tuesday, Jun 19,2012",boxscore,BOS,,MIA,W,7,5,,34-33,5,7,Buchholz,Buehrle,Aceves,02:53,N,37701,+++,
70,USW00014739,"BOSTON, MA US",6/20/12,10.29,0,0,66,290,16.1,0,0,0,0,0,0,0,0,0,0,0,0,0,0,0,0,2012,"Wednesday, Jun 20,2012",boxscore,BOS,,MIA,W,15,5,,35-33,4,6,Doubront,Nolasco,,03:14,N,37362,++++,
71,USW00014739,"BOSTON, MA US",6/21/12,9.17,0,0,80.1,340,16.1,0,0,0,0,0,0,0,0,0,0,0,0,0,0,0,0,2012,"Thursday, Jun 21,2012",boxscore,BOS,,MIA,W,6,5,,36-33,4,5.5,Atchison,Mujica,Aceves,03:09,N,37261,+++++,
72,USW00014739,"BOSTON, MA US",6/22/12,10.07,0.02,0,73.9,240,28,1,0,0,0,0,0,0,0,0,0,0,1,0,0,0,0,2012,"Friday, Jun 22,2012",boxscore,BOS,,ATL,L,1,4,,36-34,4,5.5,Jurrjens,Lester,Kimbrel,02:55,N,37281,-,
73,USW00014739,"BOSTON, MA US",6/23/12,7.83,1.19,0,64.9,320,33.1,0,0,1,0,1,0,0,0,0,0,0,1,0,0,0,0,2012,"Saturday, Jun 23,2012",boxscore,BOS,,ATL,W,8,4,,37-34,4,5.5,Morales,Delgado,,03:03,N,37782,+,
74,USW00014739,"BOSTON, MA US",6/24/12,10.96,0,0,64,250,17,0,0,0,0,0,0,0,0,0,0,0,0,0,0,0,0,2012,"Sunday, Jun 24,2012",boxscore,BOS,,ATL,W,9,4,,38-34,4,5.5,Cook,Minor,,02:55,D,37565,++,
75,USW00014739,"BOSTON, MA US",6/25/12,9.62,0.93,0,61,190,21.9,0,0,1,0,0,0,0,0,1,0,0,1,0,0,0,0,2012,"Monday, Jun 25,2012",boxscore,BOS,,TOR,L,6,9,,38-35,4,6.5,Alvarez,Doubront,Janssen,03:01,N,37208,-,
76,USW00014739,"BOSTON, MA US",6/26/12,12.53,0.06,0,61,330,23,0,0,0,0,0,0,0,0,0,0,0,1,0,0,0,0,2012,"Tuesday, Jun 26,2012",boxscore,BOS,,TOR,W,5,1,,39-35,4,6.5,Miller,Perez,,03:02,N,37755,+,
77,USW00014739,"BOSTON, MA US",6/27/12,14.09,0,0,61,270,19.9,0,0,0,0,0,0,0,0,0,0,0,1,0,0,0,0,2012,"Wednesday, Jun 27,2012",boxscore,BOS,,TOR,W,10,4,,40-35,3,6.5,Lester,Romero,,02:40,D,37744,++,
86,USW00014739,"BOSTON, MA US",7/6/12,8.05,0,0,68,230,13,0,0,0,0,0,0,0,0,0,0,0,0,0,0,0,0,2012,"Friday, Jul 6,2012",boxscore,BOS,,NYY,L,8,10,,42-41,4,8.5,Logan,Miller,Soriano,03:59,N,38066,----,
87,USW00014739,"BOSTON, MA US",7/7/12,9.62,0,0,73,300,17,0,0,0,0,0,0,0,0,0,0,0,1,0,0,0,0,2012,"Saturday, Jul 7 (1),2012",boxscore,BOS,,NYY,L,1,6,,42-42,4,8.5,Garcia,Morales,,03:07,D,38170,-----,
88,USW00014739,"BOSTON, MA US",7/7/12,9.62,0,0,73,300,17,0,0,0,0,0,0,0,0,0,0,0,1,0,0,0,0,2012,"Saturday, Jul 7 (2),2012",boxscore,BOS,,NYY,W,9,5,,43-42,4,8.5,Doubront,Hughes,,03:36,N,37791,+,2012-04-22 (Rain)
89,USW00014739,"BOSTON, MA US",7/8/12,8.95,0,0,71.1,280,19.9,0,0,0,0,0,0,0,0,0,0,0,0,0,0,0,0,2012,"Sunday, Jul 8,2012",boxscore,BOS,,NYY,L,3,7,,43-43,4,9.5,Nova,Lester,,04:02,N,38270,-,
93,USW00014739,"BOSTON, MA US",7/16/12,9.62,0,0,72,290,16.1,0,0,0,0,0,0,0,0,0,0,0,1,0,0,0,0,2012,"Monday, Jul 16,2012",boxscore,BOS,,CHW,W,5,1,,46-44,3,9.5,Padilla,Septimo,,02:40,N,38334,++,
94,USW00014739,"BOSTON, MA US",7/17/12,12.3,0,0,75.9,230,29.1,0,0,0,0,0,0,0,0,0,0,0,0,0,0,0,0,2012,"Tuesday, Jul 17,2012",boxscore,BOS,,CHW,L,5,7,,46-45,4,10.5,Humber,Lester,Reed,03:06,N,37771,-,
95,USW00014739,"BOSTON, MA US",7/18/12,7.83,1.74,0,70,60,23,0,0,1,0,0,0,0,0,1,0,0,1,0,0,0,0,2012,"Wednesday, Jul 18,2012",boxscore,BOS,,CHW,W,10,1,,47-45,3,10.5,Doubront,Hernandez,,02:50,N,37367,+,
96,USW00014739,"BOSTON, MA US",7/19/12,7.83,0.06,0,66,110,17,0,0,0,0,0,0,0,0,0,0,0,1,0,0,0,0,2012,"Thursday, Jul 19,2012",boxscore,BOS,,CHW,W-wo,3,1,,48-45,3,9.5,Aceves,Thornton,,02:47,N,38413,++,
97,USW00014739,"BOSTON, MA US",7/20/12,6.93,0,0,64,60,14.1,0,0,0,0,0,0,0,0,0,0,0,0,0,0,0,0,2012,"Friday, Jul 20,2012",boxscore,BOS,,TOR,L,1,6,,48-46,4,9.5,Laffey,Beckett,,03:01,N,38093,-,
98,USW00014739,"BOSTON, MA US",7/21/12,6.71,0,0,61,110,13,0,0,0,0,0,0,0,0,0,0,0,0,0,0,0,0,2012,"Saturday, Jul 21,2012",boxscore,BOS,,TOR,L,3,7,,48-47,4,9.5,Villanueva,Cook,,03:04,N,38170,--,
99,USW00014739,"BOSTON, MA US",7/22/12,10.51,0,0,61,200,21,0,0,0,0,0,0,0,0,0,0,0,0,0,0,0,0,2012,"Sunday, Jul 22,2012",boxscore,BOS,,TOR,L,7,15,,48-48,5,9.5,Alvarez,Lester,,03:28,D,37737,---,
106,USW00014739,"BOSTON, MA US",7/30/12,8.28,0,0,63,200,17.9,0,0,0,0,0,0,0,0,0,0,0,0,0,0,0,0,2012,"Monday, Jul 30,2012",boxscore,BOS,,DET,W,7,3,,52-51,4,8.5,Buchholz,Scherzer,,02:56,N,37784,+++,
107,USW00014739,"BOSTON, MA US",7/31/12,8.5,0.48,0,63,90,16.1,1,0,0,0,0,0,0,0,1,0,0,1,0,0,0,0,2012,"Tuesday, Jul 31,2012",boxscore,BOS,,DET,W,4,1,6,53-51,4,7.5,Mortensen,Verlander,Morales,02:22,N,37275,++++,
109,USW00014739,"BOSTON, MA US",8/1/12,8.5,0.8,0,68,110,17,0,0,0,0,0,0,0,0,1,0,0,1,0,0,0,0,2012,"Wednesday, Aug 1,2012",boxscore,BOS,,DET,L,5,7,,53-52,4,8.5,Porcello,Cook,Valverde,03:34,N,37213,-,
110,USW00014739,"BOSTON, MA US",8/2/12,8.28,0,0,68,230,14.1,0,0,0,0,0,0,0,0,0,0,0,0,0,0,0,0,2012,"Thursday, Aug 2,2012",boxscore,BOS,,MIN,L,0,5,,53-53,4,9,Deduno,Lester,Perkins,02:35,N,37191,--,
111,USW00014739,"BOSTON, MA US",8/3/12,11.41,0,0,72,220,17.9,0,0,0,0,0,0,0,0,0,0,0,0,0,0,0,0,2012,"Friday, Aug 3,2012",boxscore,BOS,,MIN,L,5,6,10,53-54,4,10,Gray,Padilla,Burton,04:08,N,37285,---,
112,USW00014739,"BOSTON, MA US",8/4/12,7.38,0,0,73.9,70,14.1,0,0,0,0,0,0,0,0,1,0,0,0,0,0,0,0,2012,"Saturday, Aug 4,2012",boxscore,BOS,,MIN,L,4,6,,53-55,4,10,Burnett,Aceves,Burton,03:22,N,37914,----,
113,USW00014739,"BOSTON, MA US",8/5/12,12.53,0.08,0,72,230,28,0,0,0,0,0,0,1,0,0,0,0,1,0,0,0,0,2012,"Sunday, Aug 5,2012",boxscore,BOS,,MIN,W,6,4,,54-55,4,10,Morales,Blackburn,Aceves,03:14,D,37019,+,
114,USW00014739,"BOSTON, MA US",8/6/12,10.29,0,0,71.1,260,17.9,0,0,0,0,0,0,0,0,0,0,0,0,0,0,0,0,2012,"Monday, Aug 6,2012",boxscore,BOS,,TEX,W,9,2,,55-55,4,9,Cook,Darvish,,02:47,N,37316,++,
115,USW00014739,"BOSTON, MA US",8/7/12,7.83,0,0,66.9,110,17.9,0,0,0,0,0,0,0,0,0,0,0,0,0,0,0,0,2012,"Tuesday, Aug 7,2012",boxscore,BOS,,TEX,L,3,6,,55-56,4,9,Dempster,Lester,Nathan,03:21,N,38416,-,
116,USW00014739,"BOSTON, MA US",8/8/12,8.28,0,0,66,210,15,0,0,0,0,0,0,0,0,0,0,0,0,0,0,0,0,2012,"Wednesday, Aug 8,2012",boxscore,BOS,,TEX,L,9,10,,55-57,4,10,Ogando,Mortensen,Nathan,03:30,D,37716,--,
127,USW00014739,"BOSTON, MA US",8/21/12,7.61,0,0,66,260,15,0,0,0,0,0,0,0,0,0,0,0,1,0,0,0,0,2012,"Tuesday, Aug 21,2012",boxscore,BOS,,LAA,L,3,5,,59-64,4,13,Santana,Cook,Frieri,03:00,N,37794,--,
128,USW00014739,"BOSTON, MA US",8/22/12,7.38,0,0,66,110,15,0,0,0,0,0,0,0,0,0,0,0,0,0,0,0,0,2012,"Wednesday, Aug 22,2012",boxscore,BOS,,LAA,L,3,7,,59-65,4,13,Weaver,Buchholz,,03:14,N,37373,---,
129,USW00014739,"BOSTON, MA US",8/23/12,8.5,0,0,66,240,17.9,0,0,0,0,0,0,0,0,0,0,0,0,0,0,0,0,2012,"Thursday, Aug 23,2012",boxscore,BOS,,LAA,L,13,14,10,59-66,4,13.5,Frieri,Aceves,,04:34,N,37829,----,
130,USW00014739,"BOSTON, MA US",8/24/12,6.26,0,0,68,100,10.1,0,0,0,0,0,0,0,0,0,0,0,0,0,0,0,0,2012,"Friday, Aug 24,2012",boxscore,BOS,,KCR,W,4,3,,60-66,4,13.5,Lester,Herrera,Bailey,02:54,N,37228,+,
131,USW00014739,"BOSTON, MA US",8/25/12,6.71,0,0,66,110,15,1,0,0,0,0,0,0,0,1,0,0,0,0,0,0,0,2012,"Saturday, Aug 25,2012",boxscore,BOS,,KCR,L,9,10,12,60-67,4,13.5,Bueno,Tazawa,Holland,04:31,N,37103,-,
132,USW00014739,"BOSTON, MA US",8/26/12,6.49,0,0,64,110,16.1,0,0,0,0,0,0,0,0,0,0,0,0,0,0,0,0,2012,"Sunday, Aug 26,2012",boxscore,BOS,,KCR,W,8,6,,61-67,4,13.5,Beato,Smith,Melancon,03:36,D,37188,+,
133,USW00014739,"BOSTON, MA US",8/27/12,10.74,0,0,62.1,200,21,0,0,0,0,0,0,0,0,0,0,0,0,0,0,0,0,2012,"Monday, Aug 27,2012",boxscore,BOS,,KCR,W,5,1,,62-67,4,12.5,Matsuzaka,Hochevar,,02:34,D,37506,++,
144,USW00014739,"BOSTON, MA US",9/7/12,7.61,0.43,0,74.45,210,16.1,0,0,1,0,0,0,0,0,1,0,0,1,0,0,0,0,2012,"Friday, Sep 7,2012",boxscore,BOS,,TOR,L,5,7,,63-76,4,15.5,Alvarez,Doubront,,03:08,N,37156,--,
145,USW00014739,"BOSTON, MA US",9/8/12,14.76,0.71,0,68.55,200,38,0,0,1,0,0,0,0,0,1,0,0,1,0,0,0,0,2012,"Saturday, Sep 8,2012",boxscore,BOS,,TOR,L,2,9,,63-77,5,15.5,Lincoln,Matsuzaka,,02:55,N,37107,---,
146,USW00014739,"BOSTON, MA US",9/9/12,6.93,0,0,62.5,270,16.1,0,0,0,0,0,0,0,0,0,0,0,1,0,0,0,0,2012,"Sunday, Sep 9,2012",boxscore,BOS,,TOR,L,3,4,,63-78,5,16.5,Lyon,Buchholz,Janssen,03:03,D,37226,----,
147,USW00014739,"BOSTON, MA US",9/11/12,8.05,0,0,63.05,310,15,0,0,0,0,0,0,0,0,0,0,0,0,0,0,0,0,2012,"Tuesday, Sep 11,2012",boxscore,BOS,,NYY,W-wo,4,3,,64-78,5,15.5,Bailey,Robertson,,03:11,N,37437,+,
148,USW00014739,"BOSTON, MA US",9/12/12,6.71,0,0,71.05,120,16.1,0,0,0,0,0,0,0,0,0,0,0,0,0,0,0,0,2012,"Wednesday, Sep 12,2012",boxscore,BOS,,NYY,L,4,5,,64-79,5,16.5,Phelps,Cook,Soriano,03:43,N,37230,-,
149,USW00014739,"BOSTON, MA US",9/13/12,8.72,0,0,71,200,15,0,0,0,0,0,0,0,0,0,0,0,0,0,0,0,0,2012,"Thursday, Sep 13,2012",boxscore,BOS,,NYY,L,0,2,,64-80,5,17.5,Hughes,Doubront,Soriano,03:11,N,38134,--,
157,USW00014739,"BOSTON, MA US",9/21/12,6.71,0,0,61.4,10,10.1,1,0,0,0,0,0,0,0,1,0,0,0,0,0,0,0,2012,"Friday, Sep 21,2012",boxscore,BOS,,BAL,L,2,4,,68-84,4,20,Gonzalez,Lester,Johnson,03:00,N,37731,---,
158,USW00014739,"BOSTON, MA US",9/22/12,7.61,0,0,63.5,180,19.9,0,0,0,0,0,0,0,0,1,0,0,0,0,0,0,0,2012,"Saturday, Sep 22,2012",boxscore,BOS,,BAL,L,6,9,12,68-85,4,21,Hunter,Aceves,Johnson,04:14,D,37570,----,
159,USW00014739,"BOSTON, MA US",9/23/12,10.96,0.02,0,59,310,17.9,1,0,0,0,0,0,0,0,1,0,0,1,0,0,0,0,2012,"Sunday, Sep 23,2012",boxscore,BOS,,BAL,W,2,1,,69-85,4,20,Tazawa,Ayala,Bailey,02:53,D,37310,+,
160,USW00014739,"BOSTON, MA US",9/25/12,13.87,0,0,66.45,220,25.1,0,0,0,0,0,0,0,0,0,0,0,0,0,0,0,0,2012,"Tuesday, Sep 25,2012",boxscore,BOS,,TBR,L,2,5,,69-86,4,20.5,Price,Buchholz,,02:50,N,37045,-,
161,USW00014739,"BOSTON, MA US",9/26/12,12.08,0,0,62.05,200,21,0,0,0,0,0,0,0,0,0,0,0,1,0,0,0,0,2012,"Wednesday, Sep 26,2012",boxscore,BOS,,TBR,L,2,4,,69-87,4,21.5,Cobb,Lester,Rodney,03:18,N,37247,--,
710,USW00014739,"BOSTON, MA US",4/8/13,9.84,0,0,51,230,19.9,0,0,0,0,0,0,0,0,0,0,0,0,0,0,0,0,2013,"Monday, Apr 8,2013",boxscore,BOS,,BAL,W,3,1,,2-May,1,up 2.0,Buchholz,Chen,Hanrahan,02:42,D,37008,++,
810,USW00014739,"BOSTON, MA US",4/10/13,6.04,0.19,0,47,100,18.1,1,0,0,0,0,0,0,0,0,0,0,0,0,0,0,0,2013,"Wednesday, Apr 10,2013",boxscore,BOS,,BAL,L,5,8,,3-May,1,up 1.0,O'Day,Hanrahan,Johnson,02:53,N,30862,-,
910,USW00014739,"BOSTON, MA US",4/11/13,6.93,0.04,0,46,50,16.1,0,0,0,0,0,0,0,0,0,0,0,0,0,0,0,0,2013,"Thursday, Apr 11,2013",boxscore,BOS,,BAL,L,2,3,,4-May,1,Tied,Matusz,Mortensen,Johnson,03:15,N,27704,--,
1010,USW00014739,"BOSTON, MA US",4/13/13,8.95,0.02,0,40,40,23,1,0,0,0,0,0,0,0,0,0,0,0,0,0,0,0,2013,"Saturday, Apr 13,2013",boxscore,BOS,,TBR,W-wo,2,1,10,4-Jun,1,up 0.5,Tazawa,Gomes,,03:23,D,33039,+,
1110,USW00014739,"BOSTON, MA US",4/14/13,10.51,0,0,48,290,23,0,0,0,0,0,0,0,0,0,0,0,0,0,0,0,0,2013,"Sunday, Apr 14,2013",boxscore,BOS,,TBR,W,5,0,,4-Jul,1,up 1.0,Buchholz,Cobb,,02:49,D,35198,++,
1210,USW00014739,"BOSTON, MA US",4/15/13,10.51,0,0,45,110,19.9,0,0,0,0,0,0,0,0,0,0,0,0,0,0,0,0,2013,"Monday, Apr 15,2013",boxscore,BOS,,TBR,W-wo,3,2,,4-Aug,1,up 1.5,Bailey,Peralta,,03:03,D,37449,+++,
1610,USW00014739,"BOSTON, MA US",4/20/13,14.99,0.38,0,58,300,23.9,1,0,0,0,0,0,0,0,0,0,0,0,0,0,0,0,2013,"Saturday, Apr 20,2013",boxscore,BOS,,KCR,W,4,3,,4-Dec,1,up 2.0,Buchholz,Herrera,Bailey,02:58,D,35152,+++++++,
171,USW00014739,"BOSTON, MA US",4/21/13,10.74,0,0,45,290,23,0,0,0,0,0,0,0,0,0,0,0,0,0,0,0,0,2013,"Sunday, Apr 21 (1),2013",boxscore,BOS,,KCR,L,2,4,,5-Dec,1,up 1.5,Santana,Dempster,Holland,02:54,D,31483,-,
181,USW00014739,"BOSTON, MA US",4/21/13,10.74,0,0,45,290,23,0,0,0,0,0,0,0,0,0,0,0,0,0,0,0,0,2013,"Sunday, Apr 21 (2),2013",boxscore,BOS,,KCR,L,4,5,10,6-Dec,1,up 1.5,Herrera,Miller,Holland,03:11,N,33270,--,2013-04-19 (Police manhunt (Boston Marathon bomber))
191,USW00014739,"BOSTON, MA US",4/22/13,13.87,0,0,43,70,21.9,0,0,0,0,0,0,0,0,0,0,0,0,0,0,0,0,2013,"Monday, Apr 22,2013",boxscore,BOS,,OAK,W,9,6,,13-6,1,up 2.0,Doubront,Griffin,Bailey,03:29,N,28926,+,
201,USW00014739,"BOSTON, MA US",4/23/13,17,0.13,0,42,40,23,1,0,0,0,0,0,0,0,0,0,0,0,0,0,0,0,2013,"Tuesday, Apr 23,2013",boxscore,BOS,,OAK,L,0,13,7,13-7,1,up 1.0,Colon,Aceves,,02:33,N,29006,-,
211,USW00014739,"BOSTON, MA US",4/24/13,14.54,0,0,50,20,23,1,0,0,0,0,0,0,0,0,0,0,0,0,0,0,0,2013,"Wednesday, Apr 24,2013",boxscore,BOS,,OAK,W,6,5,,14-7,1,up 2.0,Lester,Anderson,Bailey,03:40,D,29274,+,
221,USW00014739,"BOSTON, MA US",4/25/13,10.74,0.03,0,56,310,25.1,1,0,0,0,0,0,0,0,0,0,0,0,0,0,0,0,2013,"Thursday, Apr 25,2013",boxscore,BOS,,HOU,W,7,2,,15-7,1,up 2.0,Buchholz,Humber,,02:59,N,30093,++,
23,USW00014739,"BOSTON, MA US",4/26/13,10.07,0,0,49,70,18.1,0,0,0,0,0,0,0,0,0,0,0,0,0,0,0,0,2013,"Friday, Apr 26,2013",boxscore,BOS,,HOU,W,7,3,,16-7,1,up 2.0,Dempster,Bedard,,03:49,N,29312,+++,
241,USW00014739,"BOSTON, MA US",4/27/13,7.38,0,0,49,120,17,0,0,0,0,0,0,0,0,0,0,0,0,0,0,0,0,2013,"Saturday, Apr 27,2013",boxscore,BOS,,HOU,W,8,4,,17-7,1,up 2.0,Doubront,Peacock,,03:40,N,34726,++++,
251,USW00014739,"BOSTON, MA US",4/28/13,9.84,0,0,53,110,23.9,0,0,0,0,0,0,0,0,0,0,0,0,0,0,0,0,2013,"Sunday, Apr 28,2013",boxscore,BOS,,HOU,W,6,1,,18-7,1,up 2.5,Lackey,Norris,,02:56,D,36527,+++++,
331,USW00014739,"BOSTON, MA US",5/6/13,6.93,0,0,47,80,15,0,0,0,0,0,0,0,0,0,0,0,0,0,0,0,0,2013,"Monday, May 6,2013",boxscore,BOS,,MIN,W-wo,6,5,11,21-11,1,up 2.0,Mortensen,Burton,,04:44,N,31088,+,
341,USW00014739,"BOSTON, MA US",5/7/13,9.4,0,0,57,90,18.1,0,0,0,0,0,0,0,0,0,0,0,0,0,0,0,0,2013,"Tuesday, May 7,2013",boxscore,BOS,,MIN,L,1,6,,21-12,1,up 1.0,Diamond,Dempster,,03:01,N,30549,-,
351,USW00014739,"BOSTON, MA US",5/8/13,10.96,0.37,0,59,110,21.9,0,0,0,0,0,0,0,0,0,0,0,0,0,0,0,0,2013,"Wednesday, May 8,2013",boxscore,BOS,,MIN,L,8,15,,21-13,1,Tied,Pressly,Webster,,03:42,N,29969,--,
361,USW00014739,"BOSTON, MA US",5/9/13,4.92,0.61,0,55,70,14.1,0,0,0,0,0,0,0,0,0,0,0,0,0,0,0,0,2013,"Thursday, May 9,2013",boxscore,BOS,,MIN,L,3,5,,21-14,1,Tied,Correia,Lackey,Perkins,03:04,N,31571,---,
371,USW00014739,"BOSTON, MA US",5/10/13,6.71,0.06,0,60,110,16.1,1,0,0,0,0,0,0,0,0,0,0,0,0,0,0,0,2013,"Friday, May 10,2013",boxscore,BOS,,TOR,W,5,0,,22-14,1,Tied,Lester,Ortiz,,02:46,N,33606,+,
381,USW00014739,"BOSTON, MA US",5/11/13,12.08,0.02,0,64,200,19.9,1,0,0,0,0,0,0,0,0,0,0,0,0,0,0,0,2013,"Saturday, May 11,2013",boxscore,BOS,,TOR,L,2,3,,22-15,2,1,Oliver,Tazawa,Janssen,02:42,D,36543,-,
391,USW00014739,"BOSTON, MA US",5/12/13,10.74,0.04,0,63,290,25.1,1,0,0,0,0,0,0,0,0,0,0,0,0,0,0,0,2013,"Sunday, May 12,2013",boxscore,BOS,,TOR,L,4,12,,22-16,3,2,Jenkins,Dempster,,03:13,D,35532,--,
491,USW00014739,"BOSTON, MA US",5/23/13,10.29,0.05,0,61,210,25.9,0,0,0,0,0,0,0,0,0,0,0,0,0,0,0,0,2013,"Thursday, May 23,2013",boxscore,BOS,,CLE,L,3,12,,28-20,2,1,McAllister,Dempster,Barnes,03:34,N,35254,-,
501,USW00014739,"BOSTON, MA US",5/24/13,9.84,0.57,0,66,330,18.1,1,0,0,0,0,0,0,0,0,0,0,0,0,0,0,0,2013,"Friday, May 24,2013",boxscore,BOS,,CLE,W,8,1,,29-20,2,1,Lackey,Masterson,,02:55,N,34074,+,
511,USW00014739,"BOSTON, MA US",5/25/13,14.09,0.34,0,51,290,23.9,0,0,0,0,0,0,0,0,0,0,0,0,0,0,0,0,2013,"Saturday, May 25,2013",boxscore,BOS,,CLE,W,7,4,,30-20,2,1,Tazawa,Pestano,Bailey,03:24,D,36504,++,
521,USW00014739,"BOSTON, MA US",5/26/13,15.88,0.05,0,48,300,25.9,0,0,0,0,0,0,0,0,0,0,0,0,0,0,0,0,2013,"Sunday, May 26,2013",boxscore,BOS,,CLE,W-wo,6,5,,31-20,1,Tied,Breslow,Perez,,03:19,D,37046,+++,
53,USW00014739,"BOSTON, MA US",5/27/13,9.84,0,0,58,330,21.9,0,0,0,0,0,0,0,0,0,0,0,0,0,0,0,0,2013,"Monday, May 27,2013",boxscore,BOS,,PHI,W,9,3,,32-20,1,up 1.0,Aceves,Cloyd,,03:26,N,33627,++++,
541,USW00014739,"BOSTON, MA US",5/28/13,6.71,0,0,59,80,15,0,0,0,0,0,0,0,0,0,0,0,0,0,0,0,0,2013,"Tuesday, May 28,2013",boxscore,BOS,,PHI,L,1,3,,32-21,1,up 1.0,Lee,Dempster,Papelbon,02:30,N,33463,-,
611,USW00014739,"BOSTON, MA US",6/4/13,12.08,0,0,65,290,21,0,0,0,0,0,0,0,0,0,0,0,0,0,0,0,0,2013,"Tuesday, Jun 4,2013",boxscore,BOS,,TEX,W,17,5,,36-23,1,up 2.5,Dempster,Grimm,,03:10,N,32035,+++,
621,USW00014739,"BOSTON, MA US",6/5/13,8.72,0,0,65,110,18.1,0,0,0,0,0,0,0,0,0,0,0,0,0,0,0,0,2013,"Wednesday, Jun 5,2013",boxscore,BOS,,TEX,L,2,3,,36-24,1,up 1.5,Cotts,Breslow,Nathan,03:17,N,33296,-,
631,USW00014739,"BOSTON, MA US",6/6/13,9.17,0.02,0,64,120,19.9,0,0,0,0,0,0,0,0,0,0,0,0,0,0,0,0,2013,"Thursday, Jun 6,2013",boxscore,BOS,,TEX,W-wo,6,3,,37-24,1,up 1.5,Bailey,Kirkman,,03:21,N,35352,+,
641,USW00014739,"BOSTON, MA US",6/8/13,12.08,0.54,0,62,270,19.9,1,0,0,0,0,0,0,0,0,0,0,0,0,0,0,0,2013,"Saturday, Jun 8 (1),2013",boxscore,BOS,,LAA,L,5,9,,37-25,1,up 1.5,Hanson,Doubront,Frieri,04:00,D,34499,-,
651,USW00014739,"BOSTON, MA US",6/8/13,12.08,0.54,0,62,270,19.9,1,0,0,0,0,0,0,0,0,0,0,0,0,0,0,0,2013,"Saturday, Jun 8 (2),2013",boxscore,BOS,,LAA,W,7,2,,38-25,1,up 1.5,Buchholz,Wilson,,03:25,N,36518,+,2013-06-07 (Rain)
661,USW00014739,"BOSTON, MA US",6/9/13,8.95,0,0,71,260,17,0,0,0,0,0,0,0,0,0,0,0,0,0,0,0,0,2013,"Sunday, Jun 9,2013",boxscore,BOS,,LAA,W,10,5,,39-25,1,up 1.5,Dempster,Blanton,,03:33,D,37054,++,
741,USW00014739,"BOSTON, MA US",6/18/13,6.93,0.63,0,65,30,23,0,0,0,0,0,0,0,0,0,0,0,0,0,0,0,0,2013,"Tuesday, Jun 18 (1),2013",boxscore,BOS,,TBR,W,5,1,,43-29,1,up 2.5,Aceves,Archer,,03:10,D,33430,+,
751,USW00014739,"BOSTON, MA US",6/18/13,6.93,0.63,0,65,30,23,0,0,0,0,0,0,0,0,0,0,0,0,0,0,0,0,2013,"Tuesday, Jun 18 (2),2013",boxscore,BOS,,TBR,W-wo,3,1,,44-29,1,up 2.5,Bailey,Peralta,,02:27,N,32156,++,2013-04-12 (Rain)
761,USW00014739,"BOSTON, MA US",6/19/13,10.07,0,0,63,90,16.1,0,0,0,0,0,0,1,0,0,0,0,0,0,0,0,0,2013,"Wednesday, Jun 19,2013",boxscore,BOS,,TBR,L,2,6,,44-30,1,up 1.5,Hellickson,Dempster,,03:21,N,35710,-,
81,USW00014739,"BOSTON, MA US",6/25/13,11.86,0,0,81,230,23,0,0,1,0,0,0,0,0,0,0,0,0,0,0,0,0,2013,"Tuesday, Jun 25,2013",boxscore,BOS,,COL,W,11,4,,46-33,1,up 2.5,Dempster,Nicasio,,03:40,N,36286,+,
821,USW00014739,"BOSTON, MA US",6/26/13,6.93,0.04,0,77,30,15,0,0,0,0,0,0,0,0,0,0,0,0,0,0,0,0,2013,"Wednesday, Jun 26,2013",boxscore,BOS,,COL,W,5,3,,47-33,1,up 3.5,Lackey,Oswalt,Uehara,02:36,D,34632,++,
831,USW00014739,"BOSTON, MA US",6/27/13,7.16,0.03,0,65,50,13,0,0,0,0,0,0,0,0,0,0,0,0,0,0,0,0,2013,"Thursday, Jun 27,2013",boxscore,BOS,,TOR,W,7,4,,48-33,1,up 3.5,Lester,Wang,Uehara,02:34,N,34750,+++,
841,USW00014739,"BOSTON, MA US",6/28/13,13.42,0.45,0,69,190,23,0,0,0,0,0,0,0,0,0,0,0,0,0,0,0,0,2013,"Friday, Jun 28,2013",boxscore,BOS,,TOR,W,7,5,,49-33,1,up 3.5,Miller,Wagner,Uehara,03:22,N,36383,++++,
851,USW00014739,"BOSTON, MA US",6/29/13,12.3,0.07,0,74,190,21.9,1,0,0,0,0,0,0,0,0,0,0,0,0,0,0,0,2013,"Saturday, Jun 29,2013",boxscore,BOS,,TOR,L,2,6,,49-34,1,up 2.5,Delabar,Tazawa,,03:05,D,37437,-,
861,USW00014739,"BOSTON, MA US",6/30/13,10.29,0.11,0,75,200,18.1,1,0,0,0,0,0,0,0,0,0,0,0,0,0,0,0,2013,"Sunday, Jun 30,2013",boxscore,BOS,,TOR,W-wo,5,4,,50-34,1,up 2.5,Uehara,Perez,,03:10,D,37425,+,
881,USW00014739,"BOSTON, MA US",7/2/13,8.5,0,0,74,70,18.1,1,0,0,0,0,0,0,0,0,0,0,0,0,0,0,0,2013,"Tuesday, Jul 2,2013",boxscore,BOS,,SDP,W,4,1,,51-34,1,up 3.5,Lackey,Erlin,Uehara,02:48,N,36498,++,
891,USW00014739,"BOSTON, MA US",7/3/13,12.3,0,0,73,240,21.9,0,0,0,0,0,0,0,0,0,0,0,0,0,0,0,0,2013,"Wednesday, Jul 3,2013",boxscore,BOS,,SDP,W-wo,2,1,,52-34,1,up 3.5,Uehara,Gregerson,,03:05,N,36911,+++,
901,USW00014739,"BOSTON, MA US",7/4/13,12.08,0,0,83,240,21.9,0,0,0,0,0,0,0,0,0,0,0,0,0,0,0,0,2013,"Thursday, Jul 4,2013",boxscore,BOS,,SDP,W,8,2,,53-34,1,up 4.5,Webster,Stults,,03:21,D,37607,++++,
1011,USW00014739,"BOSTON, MA US",7/19/13,14.99,0,0,87,230,25.9,0,0,0,0,0,0,0,0,0,0,0,0,0,0,0,0,2013,"Friday, Jul 19,2013",boxscore,BOS,,NYY,W,4,2,,59-39,1,up 2.5,Doubront,Pettitte,Uehara,02:55,N,38130,+,
1021,USW00014739,"BOSTON, MA US",7/20/13,12.75,0,0,88,250,23,0,0,0,0,0,0,1,0,0,0,0,0,0,0,0,0,2013,"Saturday, Jul 20,2013",boxscore,BOS,,NYY,L,2,5,,59-40,1,up 1.5,Kuroda,Lackey,Rivera,03:12,D,37601,-,
1031,USW00014739,"BOSTON, MA US",7/21/13,8.95,0.01,0,77,100,15,0,0,0,0,0,0,0,0,0,0,0,0,0,0,0,0,2013,"Sunday, Jul 21,2013",boxscore,BOS,,NYY,W-wo,8,7,11,60-40,1,up 1.5,Beato,Warren,,04:46,N,38138,+,
1041,USW00014739,"BOSTON, MA US",7/22/13,7.38,0,0,72,80,14.1,0,0,0,0,0,0,0,0,0,0,0,0,0,0,0,0,2013,"Monday, Jul 22,2013",boxscore,BOS,,TBR,L,0,3,,60-41,1,up 0.5,Moore,Workman,,02:52,N,35016,-,
1051,USW00014739,"BOSTON, MA US",7/23/13,6.04,1.76,0,71,190,23.9,0,0,0,0,0,0,0,0,0,0,0,0,0,0,0,0,2013,"Tuesday, Jul 23,2013",boxscore,BOS,,TBR,W,6,2,,61-41,1,up 1.5,Lester,Hernandez,,03:06,N,34609,+,
1061,USW00014739,"BOSTON, MA US",7/24/13,8.5,0,0,78,360,18.1,1,0,0,0,0,0,0,0,0,0,0,0,0,0,0,0,2013,"Wednesday, Jul 24,2013",boxscore,BOS,,TBR,L,1,5,,61-42,1,up 0.5,Price,Doubront,,03:00,N,36514,-,
1101,USW00014739,"BOSTON, MA US",7/29/13,6.71,0.33,0,71,120,21,0,0,0,0,0,0,0,0,0,0,0,0,0,0,0,0,2013,"Monday, Jul 29,2013",boxscore,BOS,,TBR,L,1,2,,63-44,2,0.5,Price,Doubront,Rodney,03:21,N,37242,-,2013-07-25 (Rain)
1111,USW00014739,"BOSTON, MA US",7/30/13,8.5,0,0,74,280,16.1,0,0,0,0,0,0,0,0,0,0,0,0,0,0,0,0,2013,"Tuesday, Jul 30,2013",boxscore,BOS,,SEA,W,8,2,,64-44,2,0.5,Workman,Saunders,,02:44,N,34578,+,
1121,USW00014739,"BOSTON, MA US",7/31/13,8.05,0,0,74,110,15,0,0,0,0,0,0,0,0,0,0,0,0,0,0,0,0,2013,"Wednesday, Jul 31,2013",boxscore,BOS,,SEA,W-wo,5,4,15,65-44,1,up 0.5,Britton,Luetge,,05:03,N,35059,++,
1141,USW00014739,"BOSTON, MA US",8/1/13,9.62,0,0,73,220,19.9,0,0,0,0,0,0,0,0,0,0,0,0,0,0,0,0,2013,"Thursday, Aug 1,2013",boxscore,BOS,,SEA,W-wo,8,7,,66-44,1,up 1.0,Wright,Perez,,03:17,N,35886,+++,
1151,USW00014739,"BOSTON, MA US",8/2/13,8.28,0.13,0,73,260,19.9,1,0,0,0,0,0,0,0,0,0,0,0,0,0,0,0,2013,"Friday, Aug 2,2013",boxscore,BOS,,ARI,L,6,7,,66-45,1,up 1.0,Delgado,Beato,Ziegler,03:32,N,37652,-,
1161,USW00014739,"BOSTON, MA US",8/3/13,11.86,0,0,74,230,19.9,0,0,0,0,0,0,0,0,0,0,0,0,0,0,0,0,2013,"Saturday, Aug 3,2013",boxscore,BOS,,ARI,W,5,2,,67-45,1,up 1.0,Peavy,Corbin,Uehara,03:02,N,37941,+,
1171,USW00014739,"BOSTON, MA US",8/4/13,9.17,0,0,73,330,25.9,0,0,1,0,0,0,0,0,0,0,0,0,0,0,0,0,2013,"Sunday, Aug 4,2013",boxscore,BOS,,ARI,W,4,0,,68-45,1,up 1.0,Doubront,McCarthy,,03:16,D,37611,++,
1281,USW00014739,"BOSTON, MA US",8/16/13,8.5,0,0,71,280,16.1,0,0,0,0,0,0,0,0,0,0,0,0,0,0,0,0,2013,"Friday, Aug 16,2013",boxscore,BOS,,NYY,L,3,10,,72-52,1,up 1.0,Pettitte,Doubront,,03:31,N,38143,---,
1291,USW00014739,"BOSTON, MA US",8/17/13,7.38,0,0,69,100,14.1,0,0,0,0,0,0,0,0,0,0,0,0,0,0,0,0,2013,"Saturday, Aug 17,2013",boxscore,BOS,,NYY,W,6,1,,73-52,1,up 2.0,Lackey,Kuroda,,03:26,D,37517,+,
1301,USW00014739,"BOSTON, MA US",8/18/13,6.26,0,0,70,230,14.1,0,0,0,0,0,0,0,0,0,0,0,0,0,0,0,0,2013,"Sunday, Aug 18,2013",boxscore,BOS,,NYY,L,6,9,,73-53,1,up 1.0,Sabathia,Dempster,Rivera,04:12,N,37917,-,
1371,USW00014739,"BOSTON, MA US",8/27/13,4.92,0.01,0,72,80,13,0,0,0,0,0,0,0,0,0,0,0,0,0,0,0,0,2013,"Tuesday, Aug 27,2013",boxscore,BOS,,BAL,W,13,2,,78-55,1,up 2.5,Doubront,Chen,,02:59,N,36226,+++,
138,USW00014739,"BOSTON, MA US",8/28/13,5.82,0,0,66,50,15,0,0,0,0,0,0,0,0,0,0,0,0,0,0,0,0,2013,"Wednesday, Aug 28,2013",boxscore,BOS,,BAL,W,4,3,,79-55,1,up 2.5,Breslow,Hunter,Uehara,03:00,N,31962,++++,
1391,USW00014739,"BOSTON, MA US",8/29/13,9.62,0,0,64,30,17,0,0,0,0,0,0,0,0,0,0,0,0,0,0,0,0,2013,"Thursday, Aug 29,2013",boxscore,BOS,,BAL,L,2,3,,79-56,1,up 2.5,Tillman,Lester,Johnson,03:20,N,33300,-,
1401,USW00014739,"BOSTON, MA US",8/30/13,8.5,0,0,70,220,15,0,0,0,0,0,0,0,0,0,0,0,0,0,0,0,0,2013,"Friday, Aug 30,2013",boxscore,BOS,,CHW,W,4,3,,80-56,1,up 3.5,Dempster,Santiago,Uehara,03:09,N,36063,+,
1411,USW00014739,"BOSTON, MA US",8/31/13,9.84,0,0,75,220,17,0,0,0,0,0,0,0,0,0,0,0,0,0,0,0,0,2013,"Saturday, Aug 31,2013",boxscore,BOS,,CHW,W,7,2,,81-56,1,up 4.5,Peavy,Danks,,03:11,N,37363,++,
1431,USW00014739,"BOSTON, MA US",9/1/13,8.5,0.38,0,73,230,21,0,0,0,0,0,0,0,0,0,0,0,0,0,0,0,0,2013,"Sunday, Sep 1,2013",boxscore,BOS,,CHW,W,7,6,,82-56,1,up 5.5,Workman,Rienzo,Uehara,03:39,D,37053,+++,
1441,USW00014739,"BOSTON, MA US",9/2/13,7.16,0.38,0,73,210,19.9,1,0,0,0,0,0,0,0,0,0,0,0,0,0,0,0,2013,"Monday, Sep 2,2013",boxscore,BOS,,DET,L,0,3,,82-57,1,up 5.5,Fister,Lackey,Veras,02:59,D,36188,-,
1451,USW00014739,"BOSTON, MA US",9/3/13,8.28,0,0,75,220,21,1,0,0,0,0,0,0,0,0,0,0,0,0,0,0,0,2013,"Tuesday, Sep 3,2013",boxscore,BOS,,DET,W,2,1,,83-57,1,up 5.5,Lester,Scherzer,Uehara,02:56,N,32071,+,
1461,USW00014739,"BOSTON, MA US",9/4/13,10.96,0,0,72,230,18.1,0,0,0,0,0,0,0,0,0,0,0,0,0,0,0,0,2013,"Wednesday, Sep 4,2013",boxscore,BOS,,DET,W,20,4,,84-57,1,up 5.5,Dempster,Porcello,,03:33,N,33720,++,
1541,USW00014739,"BOSTON, MA US",9/13/13,6.71,0.39,0,70,320,17,1,0,0,0,0,0,0,0,0,0,0,0,0,0,0,0,2013,"Friday, Sep 13,2013",boxscore,BOS,,NYY,W,8,4,,90-59,1,up 8.5,Workman,Kuroda,,03:06,N,37542,+,
1551,USW00014739,"BOSTON, MA US",9/14/13,9.84,0,0,63,320,16.1,0,0,0,0,0,0,0,0,0,0,0,0,0,0,0,0,2013,"Saturday, Sep 14,2013",boxscore,BOS,,NYY,W,5,1,,91-59,1,up 8.5,Lester,Sabathia,,02:43,D,37510,++,
1561,USW00014739,"BOSTON, MA US",9/15/13,8.5,0,0,63,240,16.1,0,0,0,0,0,0,0,0,0,0,0,0,0,0,0,0,2013,"Sunday, Sep 15,2013",boxscore,BOS,,NYY,W,9,2,,92-59,1,up 9.5,Buchholz,Nova,,03:13,N,37137,+++,
1571,USW00014739,"BOSTON, MA US",9/17/13,8.05,0,0,53,40,19.9,0,0,0,0,0,0,0,0,0,0,0,0,0,0,0,0,2013,"Tuesday, Sep 17,2013",boxscore,BOS,,BAL,L,2,3,,92-60,1,up 9.0,Hunter,Uehara,Johnson,03:08,N,35030,-,
1581,USW00014739,"BOSTON, MA US",9/18/13,7.83,0,0,62,240,14.1,0,0,0,0,0,0,0,0,0,0,0,0,0,0,0,0,2013,"Wednesday, Sep 18,2013",boxscore,BOS,,BAL,L,3,5,12,92-61,1,up 8.0,McFarland,Morales,Johnson,04:01,N,38540,--,
1591,USW00014739,"BOSTON, MA US",9/19/13,5.37,0,0,63,240,8.9,0,0,0,0,0,0,0,0,0,0,0,0,0,0,0,0,2013,"Thursday, Sep 19,2013",boxscore,BOS,,BAL,W,3,1,,93-61,1,up 9.0,Lackey,Tillman,,02:18,N,36436,+,
1601,USW00014739,"BOSTON, MA US",9/20/13,5.37,0,0,63,90,12.1,0,0,0,0,0,0,0,0,0,0,0,0,0,0,0,0,2013,"Friday, Sep 20,2013",boxscore,BOS,,TOR,W,6,3,,94-61,1,up 9.0,Lester,Rogers,Uehara,03:26,N,37215,++,
1611,USW00014739,"BOSTON, MA US",9/21/13,12.53,0,0,65,200,25.9,1,0,0,0,0,0,0,0,0,0,0,0,0,0,0,0,2013,"Saturday, Sep 21,2013",boxscore,BOS,,TOR,L,2,4,,94-62,1,up 8.0,Buehrle,Buchholz,Janssen,03:07,N,37569,-,
1621,USW00014739,"BOSTON, MA US",9/22/13,13.2,0.37,0,68,230,25.1,1,0,0,0,0,0,0,0,0,0,0,0,0,0,0,0,2013,"Sunday, Sep 22,2013",boxscore,BOS,,TOR,W,5,2,,95-62,1,up 8.0,Doubront,Dickey,Uehara,02:13,D,37020,+,
512,USW00014739,"BOSTON, MA US",4/4/14,11.18,0.26,0,40,110,19.9,1,0,0,0,0,0,0,0,0,0,0,0,0,0,0,0,2014,"Friday, Apr 4,2014",boxscore,BOS,,MIL,L,2,6,,2-Feb,2,0.5,Kintzler,Mujica,,03:19,D,36728,-,
612,USW00014739,"BOSTON, MA US",4/5/14,13.42,0.23,0,43,290,25.9,1,0,0,0,0,0,0,0,0,0,0,0,0,0,0,0,2014,"Saturday, Apr 5,2014",boxscore,BOS,,MIL,L,6,7,11,3-Feb,3,1.5,Thornburg,Badenhop,Rodriguez,04:23,N,35729,--,
712,USW00014739,"BOSTON, MA US",4/6/14,8.72,0,0,44,270,17,0,0,0,0,0,0,0,0,0,0,0,0,0,0,0,0,2014,"Sunday, Apr 6,2014",boxscore,BOS,,MIL,L,0,4,,4-Feb,4,1.5,Gallardo,Lester,,02:57,D,35958,---,
811,USW00014739,"BOSTON, MA US",4/7/14,7.61,0.04,0,49,180,17,1,0,0,0,0,0,0,0,0,0,0,0,0,0,0,0,2014,"Monday, Apr 7,2014",boxscore,BOS,,TEX,W,5,1,,4-Mar,3,1,Lackey,Scheppers,,03:07,N,35842,+,
912,USW00014739,"BOSTON, MA US",4/8/14,13.42,0.67,0,52,280,29.1,1,0,0,0,0,0,0,0,0,0,0,0,0,0,0,0,2014,"Tuesday, Apr 8,2014",boxscore,BOS,,TEX,L,7,10,,5-Mar,4,1.5,Perez,Doubront,,03:11,N,34142,-,
1012,USW00014739,"BOSTON, MA US",4/9/14,13.2,0,0,50,320,23.9,0,0,0,0,0,0,0,0,0,0,0,0,0,0,0,0,2014,"Wednesday, Apr 9,2014",boxscore,BOS,,TEX,W,4,2,,5-Apr,3,1,Miller,Ogando,Uehara,02:57,D,33585,+,
182,USW00014739,"BOSTON, MA US",4/18/14,8.72,0,0,37,70,17,0,0,0,0,0,0,0,0,0,0,0,0,0,0,0,0,2014,"Friday, Apr 18,2014",boxscore,BOS,,BAL,L,4,8,,10-Jul,5,3,Tillman,Lackey,O'Day,03:26,N,36408,-,
192,USW00014739,"BOSTON, MA US",4/19/14,12.08,0,0,48,340,21.9,0,0,0,0,0,0,0,0,0,0,0,0,0,0,0,0,2014,"Saturday, Apr 19,2014",boxscore,BOS,,BAL,W,4,2,,10-Aug,5,2,Tazawa,Norris,Uehara,02:47,D,37689,+,
202,USW00014739,"BOSTON, MA US",4/20/14,9.17,0,0,45,120,15,0,0,0,0,0,0,0,0,0,0,0,0,0,0,0,0,2014,"Sunday, Apr 20,2014",boxscore,BOS,,BAL,W-wo,6,5,,10-Sep,3,2,Mujica,Matusz,,03:22,N,33947,++,
212,USW00014739,"BOSTON, MA US",4/21/14,9.17,0,0,49,230,17,0,0,0,0,0,0,0,0,0,0,0,0,0,0,0,0,2014,"Monday, Apr 21,2014",boxscore,BOS,,BAL,L,6,7,,11-Sep,5,2.5,Chen,Buchholz,Hunter,03:18,D,37513,-,
222,USW00014739,"BOSTON, MA US",4/22/14,11.86,0.05,0,58,190,21,1,0,0,0,0,0,0,0,0,0,0,0,0,0,0,0,2014,"Tuesday, Apr 22,2014",boxscore,BOS,,NYY,L,3,9,,12-Sep,5,3.5,Tanaka,Lester,,03:17,N,37041,--,
231,USW00014739,"BOSTON, MA US",4/23/14,14.99,0.23,0,53,320,31.1,1,0,0,0,0,0,0,0,0,0,0,0,0,0,0,0,2014,"Wednesday, Apr 23,2014",boxscore,BOS,,NYY,W,5,1,,12-Oct,5,2.5,Lackey,Pineda,,03:12,N,37015,+,
242,USW00014739,"BOSTON, MA US",4/24/14,20.8,0,0,50,330,36,0,0,0,0,0,0,0,0,0,0,0,0,0,0,0,0,2014,"Thursday, Apr 24,2014",boxscore,BOS,,NYY,L,5,14,,13-Oct,5,3.5,Sabathia,Doubront,,03:51,N,37356,-,
282,USW00014739,"BOSTON, MA US",4/29/14,17,0,0,44,60,23.9,0,0,0,0,0,0,0,0,0,0,0,0,0,0,0,0,2014,"Tuesday, Apr 29,2014",boxscore,BOS,,TBR,W,7,4,,13-14,3,2.5,Lackey,Gomes,Uehara,03:40,N,34794,+,
302,USW00014739,"BOSTON, MA US",5/1/14,5.59,0.62,0,49,300,12.1,0,0,0,0,0,0,0,0,0,0,0,0,0,0,0,0,2014,"Thursday, May 1 (1),2014",boxscore,BOS,,TBR,L,1,2,,13-15,4,3,Gomes,Peavy,Balfour,03:27,D,35621,-,
313,USW00014739,"BOSTON, MA US",5/1/14,5.59,0.62,0,49,300,12.1,0,0,0,0,0,0,0,0,0,0,0,0,0,0,0,0,2014,"Thursday, May 1 (2),2014",boxscore,BOS,,TBR,L,5,6,,13-16,4,3,McGee,Uehara,Balfour,03:44,N,33465,--,2014-04-30 (Rain)
322,USW00014739,"BOSTON, MA US",5/2/14,10.29,0.01,0,57,250,21.9,1,0,0,0,0,0,0,0,0,0,0,0,0,0,0,0,2014,"Friday, May 2,2014",boxscore,BOS,,OAK,W,7,1,,14-16,3,2.5,Buchholz,Straily,,03:37,N,34850,+,
332,USW00014739,"BOSTON, MA US",5/3/14,8.5,0,0,58,110,17,0,0,0,0,0,0,0,0,0,0,0,0,0,0,0,0,2014,"Saturday, May 3,2014",boxscore,BOS,,OAK,W,6,3,,15-16,3,2,Lester,Milone,Uehara,02:44,D,37042,++,
342,USW00014739,"BOSTON, MA US",5/4/14,16.11,0,0,57,280,32,0,0,0,0,0,0,0,0,0,0,0,0,0,0,0,0,2014,"Sunday, May 4,2014",boxscore,BOS,,OAK,L,2,3,10,15-17,3,2,Johnson,Capuano,,03:45,D,35649,-,
352,USW00014739,"BOSTON, MA US",5/6/14,10.07,0,0,56,320,23,0,0,0,0,0,0,0,0,0,0,0,0,0,0,0,0,2014,"Tuesday, May 6,2014",boxscore,BOS,,CIN,W-wo,4,3,12,16-17,3,1.5,Breslow,Ondrusek,,04:04,N,36004,+,
362,USW00014739,"BOSTON, MA US",5/7/14,9.62,0,0,55,110,17,0,0,0,0,0,0,0,0,0,0,0,0,0,0,0,0,2014,"Wednesday, May 7,2014",boxscore,BOS,,CIN,W,4,3,,17-17,3,1.5,Breslow,Hoover,Uehara,02:47,N,37072,++,
432,USW00014739,"BOSTON, MA US",5/16/14,13.87,0.06,0,65,170,23.9,0,0,0,0,0,0,0,0,0,0,0,0,0,0,0,0,2014,"Friday, May 16,2014",boxscore,BOS,,DET,L,0,1,,20-21,4,2.5,Scherzer,Lester,Nathan,03:14,N,37225,--,
442,USW00014739,"BOSTON, MA US",5/17/14,12.75,0.65,0,66,160,23.9,1,0,0,0,0,0,0,0,0,0,0,0,0,0,0,0,2014,"Saturday, May 17,2014",boxscore,BOS,,DET,L,1,6,,20-22,4,2.5,Porcello,Lackey,,02:49,N,37608,---,
452,USW00014739,"BOSTON, MA US",5/18/14,9.17,0,0,59,330,16.1,0,0,0,0,0,0,0,0,0,0,0,0,0,0,0,0,2014,"Sunday, May 18,2014",boxscore,BOS,,DET,L,2,6,,20-23,4,3,Sanchez,Peavy,,03:19,N,35006,----,
462,USW00014739,"BOSTON, MA US",5/20/14,9.4,0,0,58,360,18.1,0,0,0,0,0,0,0,0,0,0,0,0,0,0,0,0,2014,"Tuesday, May 20,2014",boxscore,BOS,,TOR,L,4,7,,20-24,4,3.5,Happ,Doubront,Janssen,03:17,N,37904,-----,
472,USW00014739,"BOSTON, MA US",5/21/14,7.38,0,0,59,100,16.1,0,0,0,0,0,0,0,0,0,0,0,0,0,0,0,0,2014,"Wednesday, May 21,2014",boxscore,BOS,,TOR,L,4,6,,20-25,4,4,Hutchison,Buchholz,Janssen,03:23,N,36116,------,
482,USW00014739,"BOSTON, MA US",5/22/14,7.61,0.25,0,55,90,18.1,0,0,0,0,0,0,0,0,0,0,0,0,0,0,0,0,2014,"Thursday, May 22,2014",boxscore,BOS,,TOR,L,2,7,,20-26,4,5,Buehrle,Lester,,02:58,D,36018,-------,
542,USW00014739,"BOSTON, MA US",5/28/14,14.99,0.08,0,49,40,23.9,0,0,0,0,0,0,0,0,0,0,0,0,0,0,0,0,2014,"Wednesday, May 28,2014",boxscore,BOS,,ATL,W,4,0,,23-29,4,8,Lackey,Floyd,,03:09,N,36189,+++,
552,USW00014739,"BOSTON, MA US",5/29/14,7.61,0,0,51,130,13,0,0,0,0,0,0,0,0,0,0,0,0,0,0,0,0,2014,"Thursday, May 29,2014",boxscore,BOS,,ATL,W-wo,4,3,,24-29,4,7,Uehara,Kimbrel,,03:00,N,36292,++++,
562,USW00014739,"BOSTON, MA US",5/30/14,8.05,0.11,0,56,110,17,0,0,0,0,0,0,0,0,0,0,0,0,0,0,0,0,2014,"Friday, May 30,2014",boxscore,BOS,,TBR,W-wo,3,2,10,25-29,4,6,Miller,Oviedo,,03:55,N,35820,+++++,
572,USW00014739,"BOSTON, MA US",5/31/14,9.62,0,0,55,80,19.9,0,0,0,0,0,0,0,0,0,0,0,0,0,0,0,0,2014,"Saturday, May 31,2014",boxscore,BOS,,TBR,W,7,1,,26-29,4,6,DeåÊLaåÊRosa,Odorizzi,,03:07,N,37076,++++++,
592,USW00014739,"BOSTON, MA US",6/1/14,8.05,0,0,58,100,12.1,0,0,0,0,0,0,0,0,0,0,0,0,0,0,0,0,2014,"Sunday, Jun 1,2014",boxscore,BOS,,TBR,W,4,0,,27-29,4,6,Lester,Bedard,,03:12,D,37688,+++++++,
692,USW00014739,"BOSTON, MA US",6/12/14,11.41,0,0,61,110,21,0,0,0,0,0,0,0,0,0,0,0,0,0,0,0,0,2014,"Thursday, Jun 12,2014",boxscore,BOS,,CLE,W,5,2,,30-36,4,8,Lester,Tomlin,Uehara,03:08,N,37750,+,
702,USW00014739,"BOSTON, MA US",6/13/14,9.62,0.54,0,62,110,18.1,0,0,0,0,0,0,0,0,0,0,0,0,0,0,0,0,2014,"Friday, Jun 13,2014",boxscore,BOS,,CLE,W,10,3,,31-36,4,8,Lackey,Masterson,,03:13,N,35772,++,
713,USW00014739,"BOSTON, MA US",6/14/14,7.61,0.01,0,64,300,18.1,0,0,0,0,0,0,0,0,0,0,0,0,0,0,0,0,2014,"Saturday, Jun 14,2014",boxscore,BOS,,CLE,L,2,3,,31-37,4,8,Axford,Breslow,Allen,03:24,D,37181,-,
722,USW00014739,"BOSTON, MA US",6/15/14,12.3,0,0,69,310,19.9,0,0,0,0,0,0,0,0,0,0,0,0,0,0,0,0,2014,"Sunday, Jun 15,2014",boxscore,BOS,,CLE,L,2,3,11,31-38,4,9,Allen,Tazawa,,04:03,D,37356,--,
732,USW00014739,"BOSTON, MA US",6/16/14,10.07,0,0,69,110,17,0,0,0,0,0,0,0,0,0,0,0,0,0,0,0,0,2014,"Monday, Jun 16,2014",boxscore,BOS,,MIN,W,1,0,,32-38,4,8.5,DeåÊLaåÊRosa,Correia,Uehara,02:45,N,35693,+,
742,USW00014739,"BOSTON, MA US",6/17/14,11.18,0.02,0,73,190,17,1,0,0,0,0,0,0,0,0,0,0,0,0,0,0,0,2014,"Tuesday, Jun 17,2014",boxscore,BOS,,MIN,W,2,1,,33-38,4,7.5,Lester,Hughes,Mujica,02:48,N,36835,++,
752,USW00014739,"BOSTON, MA US",6/18/14,14.32,0,0,78,240,32,1,0,0,0,0,0,0,0,0,0,0,0,0,0,0,0,2014,"Wednesday, Jun 18,2014",boxscore,BOS,,MIN,W-wo,2,1,10,34-38,4,6.5,Uehara,Fien,,02:31,D,36489,+++,
862,USW00014739,"BOSTON, MA US",6/30/14,13.42,0,0,76,220,19.9,0,0,0,0,0,0,0,0,0,0,0,0,0,0,0,0,2014,"Monday, Jun 30,2014",boxscore,BOS,,CHC,L,0,2,,38-45,4,6.5,Arrieta,Peavy,Rondon,02:59,N,37814,-,
882,USW00014739,"BOSTON, MA US",7/1/14,13.87,0,0,79,220,23.9,0,0,0,0,0,0,0,0,0,0,0,0,0,0,0,0,2014,"Tuesday, Jul 1,2014",boxscore,BOS,,CHC,L,1,2,,38-46,4,7.5,Strop,Uehara,Rondon,03:35,N,36748,--,
892,USW00014739,"BOSTON, MA US",7/2/14,14.99,0,0,81,200,25.1,0,0,0,0,0,0,0,0,0,0,0,0,0,0,0,0,2014,"Wednesday, Jul 2,2014",boxscore,BOS,,CHC,L,9,16,,38-47,4,8.5,Villanueva,Workman,,04:19,N,37055,---,
902,USW00014739,"BOSTON, MA US",7/5/14,17,0.35,0,68,310,30,1,0,0,0,0,0,0,0,0,0,0,0,0,0,0,0,2014,"Saturday, Jul 5 (1),2014",boxscore,BOS,,BAL,W-wo,3,2,,39-47,4,8,Uehara,McFarland,,02:40,D,35714,+,
913,USW00014739,"BOSTON, MA US",7/5/14,17,0.35,0,68,310,30,1,0,0,0,0,0,0,0,0,0,0,0,0,0,0,0,2014,"Saturday, Jul 5 (2),2014",boxscore,BOS,,BAL,L,4,7,,39-48,4,8,Brach,Lackey,Britton,03:36,N,36468,-,2014-07-04 (Rain)
922,USW00014739,"BOSTON, MA US",7/6/14,15.21,0,0,76,230,25.1,0,0,0,0,0,0,0,0,0,0,0,0,0,0,0,0,2014,"Sunday, Jul 6,2014",boxscore,BOS,,BAL,L,6,7,12,39-49,5,9,Brach,Mujica,Britton,05:05,D,35811,--,
932,USW00014739,"BOSTON, MA US",7/7/14,14.54,0.08,0,77,220,25.9,0,0,1,0,0,0,0,0,0,0,0,0,0,0,0,0,2014,"Monday, Jul 7,2014",boxscore,BOS,,CHW,L,0,4,,39-50,5,10,Carroll,Buchholz,,02:55,N,35114,---,
942,USW00014739,"BOSTON, MA US",7/8/14,14.99,0,0,81,220,21,0,0,0,0,0,0,0,0,0,0,0,0,0,0,0,0,2014,"Tuesday, Jul 8,2014",boxscore,BOS,,CHW,L,3,8,,39-51,5,10.5,Danks,Workman,,03:11,N,35345,----,
952,USW00014739,"BOSTON, MA US",7/9/14,13.87,0,0,79,200,21,0,0,0,0,0,0,0,0,0,0,0,0,0,0,0,0,2014,"Wednesday, Jul 9,2014",boxscore,BOS,,CHW,W-wo,5,4,,40-51,5,9.5,Uehara,Guerra,,02:54,N,36218,+,
962,USW00014739,"BOSTON, MA US",7/10/14,7.83,0,0,77,280,8.9,0,0,0,0,0,0,0,0,0,0,0,0,0,0,0,0,2014,"Thursday, Jul 10,2014",boxscore,BOS,,CHW,W-wo,4,3,10,41-51,4,9.5,Miller,Belisario,,03:22,D,37547,++,
1002,USW00014739,"BOSTON, MA US",7/18/14,7.83,0,0,72,110,14.1,0,0,0,0,0,0,0,0,0,0,0,0,0,0,0,0,2014,"Friday, Jul 18,2014",boxscore,BOS,,KCR,W,5,4,,44-52,4,8.5,Buchholz,Downs,Uehara,03:31,N,37743,++,
1013,USW00014739,"BOSTON, MA US",7/19/14,5.14,0,0,67,70,12.1,0,0,0,0,0,0,0,0,0,0,0,0,0,0,0,0,2014,"Saturday, Jul 19,2014",boxscore,BOS,,KCR,W,2,1,,45-52,4,8.5,DeåÊLaåÊRosa,Duffy,Uehara,02:39,N,37878,+++,
1022,USW00014739,"BOSTON, MA US",7/20/14,6.93,0,0,66,60,13,0,0,0,0,0,0,0,0,0,0,0,0,0,0,0,0,2014,"Sunday, Jul 20,2014",boxscore,BOS,,KCR,W,6,0,,46-52,4,7.5,Lester,Ventura,,02:56,D,37439,++++,
1102,USW00014739,"BOSTON, MA US",7/28/14,10.51,0.11,0,74,220,23,0,0,0,0,0,0,0,0,0,0,0,0,0,0,0,0,2014,"Monday, Jul 28,2014",boxscore,BOS,,TOR,L,1,14,,48-58,5,11,Dickey,Buchholz,,03:15,N,37974,-,
1113,USW00014739,"BOSTON, MA US",7/29/14,9.17,0,0,71,290,18.1,0,0,0,0,0,0,0,0,0,0,0,0,0,0,0,0,2014,"Tuesday, Jul 29,2014",boxscore,BOS,,TOR,L,2,4,,48-59,5,12,Stroman,DeåÊLaåÊRosa,Janssen,03:03,N,38275,--,
1122,USW00014739,"BOSTON, MA US",7/30/14,6.49,0,0,70,220,14.1,0,0,0,0,0,0,0,0,0,0,0,0,0,0,0,0,2014,"Wednesday, Jul 30,2014",boxscore,BOS,,TOR,L,1,6,,48-60,5,13,Buehrle,Workman,,02:48,N,38203,---,
1142,USW00014739,"BOSTON, MA US",8/1/14,8.95,0,0,72,110,19.9,0,0,0,0,0,0,0,0,0,0,0,0,0,0,0,0,2014,"Friday, Aug 1,2014",boxscore,BOS,,NYY,W,4,3,,49-60,5,12.5,Ranaudo,Capuano,Uehara,03:03,N,37782,+,
1152,USW00014739,"BOSTON, MA US",8/2/14,5.14,0.03,0,68,120,13,0,0,0,0,0,0,0,0,0,0,0,0,0,0,0,0,2014,"Saturday, Aug 2,2014",boxscore,BOS,,NYY,L,4,6,,49-61,5,12.5,Kelley,Webster,Robertson,03:56,D,37302,-,
1162,USW00014739,"BOSTON, MA US",8/3/14,5.14,0,0,65,100,13,0,0,0,0,0,0,0,0,0,0,0,0,0,0,0,0,2014,"Sunday, Aug 3,2014",boxscore,BOS,,NYY,L,7,8,,49-62,5,13.5,Rogers,Breslow,Robertson,03:42,N,38035,--,
1252,USW00014739,"BOSTON, MA US",8/14/14,11.41,0,0,68,280,21,0,0,0,0,0,0,0,0,0,0,0,0,0,0,0,0,2014,"Thursday, Aug 14,2014",boxscore,BOS,,HOU,W,9,4,,55-65,5,14.5,Webster,Feldman,,03:19,N,38065,++++,
1262,USW00014739,"BOSTON, MA US",8/15/14,8.05,0,0,67,240,18.1,0,0,0,0,0,0,0,0,0,0,0,0,0,0,0,0,2014,"Friday, Aug 15,2014",boxscore,BOS,,HOU,L,3,5,10,55-66,5,14.5,Sipp,Breslow,,03:46,N,37016,-,
1272,USW00014739,"BOSTON, MA US",8/16/14,11.41,0,0,69,220,21,0,0,0,0,0,0,0,0,0,0,0,0,0,0,0,0,2014,"Saturday, Aug 16,2014",boxscore,BOS,,HOU,W,10,7,,56-66,5,13.5,Wilson,Fields,,03:50,N,37652,+,
1282,USW00014739,"BOSTON, MA US",8/17/14,8.72,0,0,71,290,23,0,0,0,0,0,0,0,0,0,0,0,0,0,0,0,0,2014,"Sunday, Aug 17,2014",boxscore,BOS,,HOU,L,1,8,,56-67,5,14.5,McHugh,Kelly,,03:11,D,36717,-,
1292,USW00014739,"BOSTON, MA US",8/18/14,9.62,0,0,70,320,18.1,0,0,0,0,0,0,0,0,0,0,0,0,0,0,0,0,2014,"Monday, Aug 18,2014",boxscore,BOS,,LAA,L,2,4,,56-68,5,15.5,Wilson,Workman,Jepsen,03:22,N,35170,--,
1302,USW00014739,"BOSTON, MA US",8/19/14,7.61,0,0,66,110,17,0,0,0,0,0,0,0,0,0,0,0,0,0,0,0,0,2014,"Tuesday, Aug 19,2014",boxscore,BOS,,LAA,L,3,4,,56-69,5,16.5,Smith,Uehara,Street,03:24,N,35471,---,
1313,USW00014739,"BOSTON, MA US",8/20/14,5.14,0,0,67,120,15,0,0,0,0,0,0,0,0,0,0,0,0,0,0,0,0,2014,"Wednesday, Aug 20,2014",boxscore,BOS,,LAA,L,3,8,,56-70,5,17.5,Rasmus,Buchholz,,03:42,N,35136,----,
1322,USW00014739,"BOSTON, MA US",8/21/14,6.26,0,0,66,60,14.1,0,0,0,0,0,0,0,0,0,0,0,0,0,0,0,0,2014,"Thursday, Aug 21,2014",boxscore,BOS,,LAA,L,0,2,,56-71,5,18,Shoemaker,DeåÊLaåÊRosa,Grilli,03:10,N,36160,-----,
1332,USW00014739,"BOSTON, MA US",8/22/14,10.29,0.08,0,67,50,15,1,0,0,0,0,0,0,0,0,0,0,0,0,0,0,0,2014,"Friday, Aug 22,2014",boxscore,BOS,,SEA,L,3,5,,56-72,5,18,Leone,Uehara,Rodney,03:41,N,36433,------,
1342,USW00014739,"BOSTON, MA US",8/23/14,8.95,0,0,66,70,17,0,0,0,0,0,0,0,0,0,0,0,0,0,0,0,0,2014,"Saturday, Aug 23,2014",boxscore,BOS,,SEA,L,3,7,,56-73,5,18,Wilhelmsen,Workman,,03:28,D,36905,-------,
1352,USW00014739,"BOSTON, MA US",8/24/14,6.04,0,0,68,140,10.1,0,0,0,0,0,0,0,0,0,0,0,0,0,0,0,0,2014,"Sunday, Aug 24,2014",boxscore,BOS,,SEA,L,6,8,,56-74,5,18,Leone,Webster,Rodney,04:07,D,37022,--------,
1472,USW00014739,"BOSTON, MA US",9/5/14,11.86,0,0,78,230,21,0,0,0,0,0,0,0,0,0,0,0,0,0,0,0,0,2014,"Friday, Sep 5,2014",boxscore,BOS,,TOR,W-wo,9,8,10,62-79,5,20.5,Layne,Janssen,,03:53,N,35667,+,
1482,USW00014739,"BOSTON, MA US",9/6/14,14.54,0.22,0,81,320,31.1,0,0,1,0,0,0,0,0,0,0,0,0,0,0,0,0,2014,"Saturday, Sep 6,2014",boxscore,BOS,,TOR,W,4,3,,63-79,5,19.5,Buchholz,Happ,Mujica,03:23,N,36677,++,
1492,USW00014739,"BOSTON, MA US",9/7/14,7.61,0.15,0,69,340,18.1,0,0,0,0,0,0,0,0,0,0,0,0,0,0,0,0,2014,"Sunday, Sep 7,2014",boxscore,BOS,,TOR,L,1,3,,63-80,5,20.5,Dickey,DeåÊLaåÊRosa,Janssen,02:44,D,36261,-,
1502,USW00014739,"BOSTON, MA US",9/8/14,10.07,0,0,65,50,17,0,0,0,0,0,0,0,0,0,0,0,0,0,0,0,0,2014,"Monday, Sep 8,2014",boxscore,BOS,,BAL,L,0,4,,63-81,5,21.5,Gonzalez,Kelly,,03:08,N,35894,--,
1513,USW00014739,"BOSTON, MA US",9/9/14,9.62,0,0,65,70,14.1,0,0,0,0,0,0,0,0,0,0,0,0,0,0,0,0,2014,"Tuesday, Sep 9,2014",boxscore,BOS,,BAL,L,1,4,,63-82,5,22.5,Tillman,Ranaudo,Britton,03:32,N,37008,---,
1522,USW00014739,"BOSTON, MA US",9/10/14,7.83,0,0,64,60,14.1,1,0,0,0,0,0,0,0,0,0,0,0,0,0,0,0,2014,"Wednesday, Sep 10,2014",boxscore,BOS,,BAL,L,6,10,,63-83,5,23.5,Chen,Workman,O'Day,03:23,D,35374,----,
1632,USW00014739,"BOSTON, MA US",9/23/14,6.93,0,0,59,270,15,0,0,0,0,0,0,0,0,0,0,0,0,0,0,0,0,2014,"Tuesday, Sep 23,2014",boxscore,BOS,,TBR,L,2,6,,68-89,5,26,Cobb,Buchholz,,03:14,N,35566,-,
1642,USW00014739,"BOSTON, MA US",9/24/14,9.62,0,0,61,60,15,0,0,0,0,0,0,0,0,0,0,0,0,0,0,0,0,2014,"Wednesday, Sep 24,2014",boxscore,BOS,,TBR,W,11,3,,69-89,5,26,Ranaudo,Odorizzi,,03:40,N,35741,+,
1651,USW00014739,"BOSTON, MA US",9/25/14,6.93,0,0,58,30,12.1,0,0,0,0,0,0,0,0,0,0,0,0,0,0,0,0,2014,"Thursday, Sep 25,2014",boxscore,BOS,,TBR,W,11,1,,70-89,5,25,Webster,Hellickson,,03:16,N,36590,++,
1662,USW00014739,"BOSTON, MA US",9/26/14,4.92,0,0,61,130,10.1,0,0,0,0,0,0,0,0,0,0,0,0,0,0,0,0,2014,"Friday, Sep 26,2014",boxscore,BOS,,NYY,L,2,3,,70-90,5,25,Capuano,Wright,Robertson,03:01,N,37605,-,
1672,USW00014739,"BOSTON, MA US",9/27/14,5.37,0,0,69,320,10.1,0,0,0,0,0,0,0,0,0,0,0,0,0,0,0,0,2014,"Saturday, Sep 27,2014",boxscore,BOS,,NYY,W,10,4,,71-90,5,24,Kelly,Tanaka,,03:04,D,37147,+,
1681,USW00014739,"BOSTON, MA US",9/28/14,4.92,0,0,71,240,13,0,0,0,0,0,0,0,0,0,0,0,0,0,0,0,0,2014,"Sunday, Sep 28,2014",boxscore,BOS,,NYY,L,5,9,,71-91,5,25,Pineda,Buchholz,,03:14,D,36879,-,
714,USW00014739,"BOSTON, MA US",4/13/15,12.3,0,0,56,220,23.9,0,0,0,0,0,0,0,0,0,0,0,0,0,0,0,0,2015,"Monday, Apr 13,2015",boxscore,BOS,,WSN,W,9,4,,2-May,1,up 1.0,Porcello,Zimmermann,,03:01,D,37203,+,
813,USW00014739,"BOSTON, MA US",4/14/15,10.96,0.01,0,59,230,25.1,0,0,0,0,0,0,0,0,0,0,0,0,0,0,0,0,2015,"Tuesday, Apr 14,2015",boxscore,BOS,,WSN,W,8,7,,2-Jun,1,up 1.0,Mujica,Treinen,Uehara,03:23,N,35258,++,
914,USW00014739,"BOSTON, MA US",4/15/15,11.63,0,0,59,330,25.1,0,0,0,0,0,0,0,0,0,0,0,0,0,0,0,0,2015,"Wednesday, Apr 15,2015",boxscore,BOS,,WSN,L,5,10,,3-Jun,1,up 1.0,Gonzalez,Miley,,03:08,D,33493,-,
1014,USW00014739,"BOSTON, MA US",4/17/15,13.2,0.06,0,54,220,21.9,0,0,0,0,0,0,0,0,0,0,0,0,0,0,0,0,2015,"Friday, Apr 17,2015",boxscore,BOS,,BAL,W-wo,3,2,,3-Jul,1,up 1.5,Uehara,Matusz,,03:13,N,34341,+,
1114,USW00014739,"BOSTON, MA US",4/18/15,8.72,0,0,54,10,28,0,0,0,0,0,0,0,0,0,0,0,0,0,0,0,0,2015,"Saturday, Apr 18,2015",boxscore,BOS,,BAL,L,1,4,,4-Jul,1,up 1.0,Tillman,Buchholz,Britton,03:24,D,37655,-,
1214,USW00014739,"BOSTON, MA US",4/19/15,11.41,0,0,46,110,18.1,0,0,0,0,0,0,0,0,0,0,0,0,0,0,0,0,2015,"Sunday, Apr 19,2015",boxscore,BOS,,BAL,L,3,8,,5-Jul,1,Tied,Gonzalez,Porcello,,03:14,D,37761,--,
1314,USW00014739,"BOSTON, MA US",4/20/15,13.87,0.61,0,43,140,25.1,1,0,0,0,0,0,0,0,0,0,0,0,0,0,0,0,2015,"Monday, Apr 20,2015",boxscore,BOS,,BAL,W,7,1,7,5-Aug,1,up 1.0,Masterson,Chen,,02:21,D,36829,+,
203,USW00014739,"BOSTON, MA US",4/27/15,11.41,0.1,0,51,320,21.9,1,0,0,0,0,0,0,0,0,0,0,0,0,0,0,0,2015,"Monday, Apr 27,2015",boxscore,BOS,,TOR,W-wo,6,5,,9-Nov,2,1,Uehara,Castro,,02:48,N,34739,+,
214,USW00014739,"BOSTON, MA US",4/28/15,14.32,0.07,0,49,40,25.9,1,0,0,0,0,0,0,0,0,0,0,0,0,0,0,0,2015,"Tuesday, Apr 28,2015",boxscore,BOS,,TOR,L,8,11,,10-Nov,2,2,Estrada,Buchholz,Cecil,04:01,N,33920,-,
223,USW00014739,"BOSTON, MA US",4/29/15,8.72,0,0,52,80,16.1,0,0,0,0,0,0,0,0,0,0,0,0,0,0,0,0,2015,"Wednesday, Apr 29,2015",boxscore,BOS,,TOR,W,4,1,,10-Dec,2,1,Porcello,Dickey,Uehara,02:43,N,34220,+,
243,USW00014739,"BOSTON, MA US",5/1/15,7.83,0,0,45,90,17,0,0,0,0,0,0,0,0,0,0,0,0,0,0,0,0,2015,"Friday, May 1,2015",boxscore,BOS,,NYY,L,2,3,,11-Dec,3,2,Rogers,Tazawa,Miller,03:14,N,35444,-,
253,USW00014739,"BOSTON, MA US",5/2/15,6.93,0,0,43,100,13,0,0,0,0,0,0,0,0,0,0,0,0,0,0,0,0,2015,"Saturday, May 2,2015",boxscore,BOS,,NYY,L,2,4,,12-Dec,3,3,Eovaldi,Miley,Betances,02:44,D,36611,--,
263,USW00014739,"BOSTON, MA US",5/3/15,8.5,0,0,53,210,17,0,0,0,0,0,0,0,0,0,0,0,0,0,0,0,0,2015,"Sunday, May 3,2015",boxscore,BOS,,NYY,L,5,8,,13-Dec,4,4,Warren,Kelly,Miller,03:52,N,33198,---,
272,USW00014739,"BOSTON, MA US",5/4/15,13.2,0,0,63,220,30,0,0,0,0,0,0,0,0,0,0,0,0,0,0,0,0,2015,"Monday, May 4,2015",boxscore,BOS,,TBR,L,1,5,,14-Dec,5,4,Odorizzi,Buchholz,,03:10,N,34541,----,
283,USW00014739,"BOSTON, MA US",5/5/15,9.62,0.02,0,66,100,21,0,0,0,0,0,0,0,0,0,0,0,0,0,0,0,0,2015,"Tuesday, May 5,2015",boxscore,BOS,,TBR,W,2,0,,13-14,4,4,Porcello,Smyly,Uehara,02:26,N,33688,+,
292,USW00014739,"BOSTON, MA US",5/6/15,9.4,0,0,61,220,19.9,0,0,0,0,0,0,0,0,0,0,0,0,0,0,0,0,2015,"Wednesday, May 6,2015",boxscore,BOS,,TBR,L,3,5,,13-15,5,4,Colome,Masterson,Boxberger,03:22,N,35060,-,
403,USW00014739,"BOSTON, MA US",5/19/15,9.84,0.27,0,56,230,16.1,1,0,0,0,0,0,0,0,0,0,0,0,0,0,0,0,2015,"Tuesday, May 19,2015",boxscore,BOS,,TEX,W,4,3,,19-20,3,2.5,Miley,Gallardo,Uehara,02:50,N,36580,+,
415,USW00014739,"BOSTON, MA US",5/20/15,13.87,0,0,61,300,25.9,0,0,0,0,0,0,0,0,0,0,0,0,0,0,0,0,2015,"Wednesday, May 20,2015",boxscore,BOS,,TEX,L,1,2,,19-21,3,2.5,Klein,Kelly,Tolleson,03:13,N,35726,-,
423,USW00014739,"BOSTON, MA US",5/21/15,9.62,0,0,57,200,17,0,0,0,0,0,0,0,0,0,0,0,0,0,0,0,0,2015,"Thursday, May 21,2015",boxscore,BOS,,TEX,L,1,3,,19-22,4,3.5,Rodriguez,Buchholz,Tolleson,02:49,N,34945,--,
433,USW00014739,"BOSTON, MA US",5/22/15,12.97,0,0,62,260,25.9,0,0,0,0,0,0,0,0,0,0,0,0,0,0,0,0,2015,"Friday, May 22,2015",boxscore,BOS,,LAA,L,5,12,,19-23,4,4.5,Richards,Porcello,,03:35,N,36150,---,
443,USW00014739,"BOSTON, MA US",5/23/15,13.2,0,0,56,260,19.9,0,0,0,0,0,0,0,0,0,0,0,0,0,0,0,0,2015,"Saturday, May 23,2015",boxscore,BOS,,LAA,W,8,3,,20-23,4,3.5,Wright,Wilson,,03:09,N,37735,+,
453,USW00014739,"BOSTON, MA US",5/24/15,15.66,0,0,65,230,23,0,0,0,0,0,0,0,0,0,0,0,0,0,0,0,0,2015,"Sunday, May 24,2015",boxscore,BOS,,LAA,W,6,1,,21-23,3,2.5,Miley,Santiago,,02:37,D,37742,++,
543,USW00014739,"BOSTON, MA US",6/2/15,11.18,0.74,0,47,40,19.9,1,0,0,0,0,0,0,0,0,0,0,0,0,0,0,0,2015,"Tuesday, Jun 2,2015",boxscore,BOS,,MIN,W,1,0,,23-29,4,4.5,Buchholz,Pelfrey,Uehara,02:21,N,32622,+,
553,USW00014739,"BOSTON, MA US",6/3/15,6.93,0,0,50,100,15,0,0,0,0,0,0,0,0,0,0,0,0,0,0,0,0,2015,"Wednesday, Jun 3 (1),2015",boxscore,BOS,,MIN,W,6,3,,24-29,4,5,Rodriguez,Hughes,,02:33,D,31704,++,
563,USW00014739,"BOSTON, MA US",6/3/15,6.93,0,0,50,100,15,0,0,0,0,0,0,0,0,0,0,0,0,0,0,0,0,2015,"Wednesday, Jun 3 (2),2015",boxscore,BOS,,MIN,L,0,2,,24-30,4,5,May,Porcello,Perkins,02:15,N,33291,-,2015-06-01 (Rain)
573,USW00014739,"BOSTON, MA US",6/4/15,6.26,0,0,52,100,16.1,0,0,0,0,0,0,1,0,0,0,0,0,0,0,0,0,2015,"Thursday, Jun 4,2015",boxscore,BOS,,MIN,L,4,8,,24-31,5,5.5,Thompson,Uehara,,03:12,D,33615,--,
581,USW00014739,"BOSTON, MA US",6/5/15,7.61,0,0,54,110,19.9,0,0,0,0,0,0,0,0,0,0,0,0,0,0,0,0,2015,"Friday, Jun 5,2015",boxscore,BOS,,OAK,W,4,2,,25-31,5,5.5,Miley,Kazmir,Uehara,02:31,N,34910,+,
593,USW00014739,"BOSTON, MA US",6/6/15,6.93,0.09,0,58,40,19.9,1,0,0,0,0,0,0,0,0,0,0,0,0,0,0,0,2015,"Saturday, Jun 6,2015",boxscore,BOS,,OAK,W,4,2,,26-31,4,5.5,Kelly,Chavez,Uehara,03:10,D,36713,++,
603,USW00014739,"BOSTON, MA US",6/7/15,10.74,0,0,59,110,21,0,0,0,0,0,0,0,0,0,0,0,0,0,0,0,0,2015,"Sunday, Jun 7,2015",boxscore,BOS,,OAK,W,7,4,,27-31,4,5.5,Wright,Clippard,Layne,03:11,D,36913,+++,
643,USW00014739,"BOSTON, MA US",6/12/15,8.95,0,0,74,110,18.1,0,0,0,0,0,0,0,0,0,0,0,0,0,0,0,0,2015,"Friday, Jun 12,2015",boxscore,BOS,,TOR,L,10,13,,27-35,5,7,Delabar,Tazawa,Cecil,03:24,N,37575,----,
653,USW00014739,"BOSTON, MA US",6/13/15,8.5,0,0,73,330,21,0,0,0,0,0,0,0,0,0,0,0,0,0,0,0,0,2015,"Saturday, Jun 13,2015",boxscore,BOS,,TOR,L,4,5,11,27-36,5,7,Loup,Barnes,Cecil,03:26,D,37158,-----,
663,USW00014739,"BOSTON, MA US",6/14/15,9.62,0,0,70,100,17,0,0,0,0,0,0,0,0,0,0,0,0,0,0,0,0,2015,"Sunday, Jun 14,2015",boxscore,BOS,,TOR,L,5,13,,27-37,5,8,Estrada,Rodriguez,,03:12,D,36296,------,
673,USW00014739,"BOSTON, MA US",6/15/15,9.17,0.4,0,58,110,21,1,0,0,0,0,0,0,0,0,0,0,0,0,0,0,0,2015,"Monday, Jun 15,2015",boxscore,BOS,,ATL,L,2,4,,27-38,5,9,Perez,Porcello,Grilli,02:54,N,34439,-------,
683,USW00014739,"BOSTON, MA US",6/16/15,4.7,0,0,59,300,13,1,0,0,0,0,0,0,0,0,0,0,0,0,0,0,0,2015,"Tuesday, Jun 16,2015",boxscore,BOS,,ATL,W,9,4,,28-38,5,8,Miley,Teheran,,02:38,D,35662,+,
743,USW00014739,"BOSTON, MA US",6/23/15,11.41,0.01,0,72,220,28,0,0,0,0,0,0,0,0,0,0,0,0,0,0,0,0,2015,"Tuesday, Jun 23,2015",boxscore,BOS,,BAL,L,4,6,,31-41,5,9.5,Jimenez,Kelly,Britton,03:08,N,36508,-,
753,USW00014739,"BOSTON, MA US",6/24/15,11.18,0,0,76,340,19.9,0,0,0,0,0,0,0,0,0,0,0,0,0,0,0,0,2015,"Wednesday, Jun 24,2015",boxscore,BOS,,BAL,W,5,1,,32-41,5,8.5,Buchholz,Norris,,02:38,N,37762,+,
763,USW00014739,"BOSTON, MA US",6/25/15,7.16,0,0,73,270,15,0,0,0,0,0,0,0,0,0,0,0,0,0,0,0,0,2015,"Thursday, Jun 25,2015",boxscore,BOS,,BAL,L,6,8,,32-42,5,9,Gonzalez,Rodriguez,Britton,03:06,D,37706,-,
853,USW00014739,"BOSTON, MA US",7/3/15,8.5,0,0,71,110,15,0,0,0,0,0,0,0,0,0,0,0,0,0,0,0,0,2015,"Friday, Jul 3,2015",boxscore,BOS,,HOU,L,8,12,10,37-45,5,7,Hernandez,Ramirez,,04:23,N,37837,-,
863,USW00014739,"BOSTON, MA US",7/4/15,4.47,0,0,67,80,10.1,0,0,0,0,0,0,1,0,0,0,0,0,0,0,0,0,2015,"Saturday, Jul 4,2015",boxscore,BOS,,HOU,W,6,1,,38-45,5,7,Buchholz,McHugh,,03:02,D,36703,+,
871,USW00014739,"BOSTON, MA US",7/5/15,8.05,0,0,71,230,13,0,0,0,0,0,0,0,0,0,0,0,0,0,0,0,0,2015,"Sunday, Jul 5,2015",boxscore,BOS,,HOU,W,5,4,,39-45,5,6,Barnes,Sipp,Uehara,04:01,D,36481,++,
883,USW00014739,"BOSTON, MA US",7/7/15,10.51,0.02,0,74,190,23,0,0,0,0,0,0,0,0,0,0,0,0,0,0,0,0,2015,"Tuesday, Jul 7,2015",boxscore,BOS,,MIA,W,4,3,,40-45,5,5,Tazawa,Cishek,Uehara,02:44,N,36863,+++,
893,USW00014739,"BOSTON, MA US",7/8/15,11.18,0,0,79,240,19.9,1,0,0,0,0,0,0,0,0,0,0,0,0,0,0,0,2015,"Wednesday, Jul 8,2015",boxscore,BOS,,MIA,W,6,3,,41-45,5,5,Porcello,Koehler,Uehara,02:41,N,37009,++++,
903,USW00014739,"BOSTON, MA US",7/10/15,7.61,1.12,0,67,100,15,1,0,0,0,0,0,0,0,0,0,0,0,0,0,0,0,2015,"Friday, Jul 10,2015",boxscore,BOS,,NYY,L,1,5,,41-46,5,6.5,Pineda,Buchholz,,03:03,N,37984,-,
915,USW00014739,"BOSTON, MA US",7/11/15,8.5,0,0,75,310,13,0,0,0,0,0,0,0,0,0,0,0,0,0,0,0,0,2015,"Saturday, Jul 11,2015",boxscore,BOS,,NYY,W,5,3,,42-46,5,5.5,Rodriguez,Nova,Uehara,03:10,N,38047,+,
923,USW00014739,"BOSTON, MA US",7/12/15,8.95,0,0,80,220,15,0,0,0,0,0,0,0,0,0,0,0,0,0,0,0,0,2015,"Sunday, Jul 12,2015",boxscore,BOS,,NYY,L,6,8,,42-47,5,6.5,Eovaldi,Miley,,03:36,D,37283,-,
1003,USW00014739,"BOSTON, MA US",7/24/15,8.72,0.01,0,72,350,19.9,0,0,0,0,0,0,0,0,0,0,0,0,0,0,0,0,2015,"Friday, Jul 24,2015",boxscore,BOS,,DET,W-wo,2,1,11,43-54,5,11,Masterson,Hardy,,03:42,N,37650,+,
1015,USW00014739,"BOSTON, MA US",7/25/15,8.72,0,0,66,80,16.1,0,0,0,0,0,0,0,0,0,0,0,0,0,0,0,0,2015,"Saturday, Jul 25,2015",boxscore,BOS,,DET,L,1,5,,43-55,5,12,Simon,Wright,,02:57,D,37256,-,
1023,USW00014739,"BOSTON, MA US",7/26/15,8.28,0,0,68,200,14.1,0,0,0,0,0,0,0,0,0,0,0,0,0,0,0,0,2015,"Sunday, Jul 26,2015",boxscore,BOS,,DET,W,11,1,,44-55,5,12,Rodriguez,Greene,,03:14,N,35582,+,
1033,USW00014739,"BOSTON, MA US",7/27/15,8.05,0.06,0,75,190,18.1,0,0,0,0,0,0,1,0,0,0,0,0,0,0,0,0,2015,"Monday, Jul 27,2015",boxscore,BOS,,CHW,L,8,10,,44-56,5,13,Albers,Ross,Robertson,03:54,N,37401,-,
1043,USW00014739,"BOSTON, MA US",7/28/15,8.05,0,0,75,70,16.1,0,0,0,0,0,0,0,0,0,0,0,0,0,0,0,0,2015,"Tuesday, Jul 28,2015",boxscore,BOS,,CHW,L,4,9,,44-57,5,14,Samardzija,Miley,,02:39,N,38063,--,
1053,USW00014739,"BOSTON, MA US",7/29/15,7.38,0,0,80,240,16.1,0,0,0,0,0,0,0,0,0,0,0,0,0,0,0,0,2015,"Wednesday, Jul 29,2015",boxscore,BOS,,CHW,L,2,9,,44-58,5,14,Quintana,Porcello,,03:42,N,37104,---,
1063,USW00014739,"BOSTON, MA US",7/30/15,14.32,0.02,0,83,220,25.1,0,0,0,0,0,0,0,0,0,0,0,0,0,0,0,0,2015,"Thursday, Jul 30,2015",boxscore,BOS,,CHW,W,8,2,,45-58,5,13,Wright,Sale,,02:40,N,36215,+,
1073,USW00014739,"BOSTON, MA US",7/31/15,11.18,0,0,80,240,23,0,0,0,0,0,0,0,0,0,0,0,0,0,0,0,0,2015,"Friday, Jul 31,2015",boxscore,BOS,,TBR,W,7,5,,46-58,5,13,Tazawa,McGee,Uehara,03:13,N,36715,++,
1093,USW00014739,"BOSTON, MA US",8/1/15,10.51,0,0,79,290,25.9,0,0,0,0,0,0,0,0,0,0,0,0,0,0,0,0,2015,"Saturday, Aug 1,2015",boxscore,BOS,,TBR,W,11,7,,47-58,5,12,Kelly,Moore,Machi,03:39,D,35944,+++,
1103,USW00014739,"BOSTON, MA US",8/2/15,11.41,0,0,78,230,19.9,0,0,0,0,0,0,0,0,0,0,0,0,0,0,0,0,2015,"Sunday, Aug 2,2015",boxscore,BOS,,TBR,L,3,4,,47-59,5,13,Geltz,Tazawa,Boxberger,03:10,D,35699,-,
1193,USW00014739,"BOSTON, MA US",8/14/15,9.17,0,0,75,190,17,0,0,0,0,0,0,0,0,0,0,0,0,0,0,0,0,2015,"Friday, Aug 14,2015",boxscore,BOS,,SEA,W,15,1,,51-64,5,12.5,Kelly,Montgomery,,03:30,N,37678,+,
1203,USW00014739,"BOSTON, MA US",8/15/15,7.61,0.08,0,76,260,19.9,0,0,1,0,0,0,0,0,0,0,0,0,0,0,0,0,2015,"Saturday, Aug 15,2015",boxscore,BOS,,SEA,W,22,10,,52-64,5,12.5,Miley,Hernandez,,03:21,D,36027,++,
1215,USW00014739,"BOSTON, MA US",8/16/15,6.71,0,0,75,100,17,0,0,0,0,0,0,0,0,0,0,0,0,0,0,0,0,2015,"Sunday, Aug 16,2015",boxscore,BOS,,SEA,L,8,10,12,52-65,5,12.5,Rasmussen,Breslow,Farquhar,04:24,D,35260,-,
1223,USW00014739,"BOSTON, MA US",8/17/15,7.83,0,0,80,110,15,0,0,0,0,0,0,0,0,0,0,0,0,0,0,0,0,2015,"Monday, Aug 17,2015",boxscore,BOS,,CLE,L,2,8,,52-66,5,13.5,Salazar,Barnes,,03:12,N,32701,--,
1233,USW00014739,"BOSTON, MA US",8/18/15,8.05,0.14,0,78,250,29.1,0,0,1,0,0,0,1,0,0,0,0,0,0,0,0,0,2015,"Tuesday, Aug 18,2015",boxscore,BOS,,CLE,W,9,1,,53-66,5,13.5,Rodriguez,Bauer,,02:56,N,31907,+,
1243,USW00014739,"BOSTON, MA US",8/19/15,8.72,0,0,78,180,18.1,0,0,0,0,0,0,0,0,0,0,0,0,0,0,0,0,2015,"Wednesday, Aug 19,2015",boxscore,BOS,,CLE,W,6,4,,54-66,5,13.5,Kelly,Kluber,Tazawa,03:09,N,32465,++,
1253,USW00014739,"BOSTON, MA US",8/20/15,10.74,0,0,73,90,21.9,1,0,0,0,0,0,0,0,0,0,0,0,0,0,0,0,2015,"Thursday, Aug 20,2015",boxscore,BOS,,KCR,W,4,1,,55-66,5,12.5,Miley,Duffy,Tazawa,02:49,N,35458,+++,
1263,USW00014739,"BOSTON, MA US",8/21/15,5.82,0.63,0,72,330,14.1,1,1,1,0,0,0,1,0,0,0,0,0,0,0,0,0,2015,"Friday, Aug 21,2015",boxscore,BOS,,KCR,W,7,2,,56-66,5,11.5,Owens,Cueto,,02:31,N,35203,++++,
1273,USW00014739,"BOSTON, MA US",8/22/15,6.93,0,0,71,40,15,1,0,0,0,0,0,0,0,0,0,0,0,0,0,0,0,2015,"Saturday, Aug 22,2015",boxscore,BOS,,KCR,L,3,6,,56-67,5,12.5,Ventura,Barnes,Holland,03:29,N,37135,-,
1283,USW00014739,"BOSTON, MA US",8/23/15,8.05,0.02,0,68,50,14.1,1,0,0,0,0,0,0,0,0,0,0,0,0,0,0,0,2015,"Sunday, Aug 23,2015",boxscore,BOS,,KCR,L,6,8,,56-68,5,13,Young,Tazawa,Davis,03:40,D,36151,--,
1353,USW00014739,"BOSTON, MA US",8/31/15,11.18,0,0,80,280,21.9,0,0,0,0,0,0,0,0,0,0,0,0,0,0,0,0,2015,"Monday, Aug 31,2015",boxscore,BOS,,NYY,W,4,3,,61-70,5,13,Rodriguez,Nova,Machi,03:44,N,36148,+,
1373,USW00014739,"BOSTON, MA US",9/1/15,9.4,0,0,76,100,16.1,0,0,0,0,0,0,0,0,0,0,0,0,0,0,0,0,2015,"Tuesday, Sep 1,2015",boxscore,BOS,,NYY,L,1,3,,61-71,5,14,Pineda,Porcello,Miller,02:41,N,35077,-,
1382,USW00014739,"BOSTON, MA US",9/2/15,9.17,0,0,77,250,15,0,0,0,0,0,0,0,0,0,0,0,0,0,0,0,0,2015,"Wednesday, Sep 2,2015",boxscore,BOS,,NYY,L,8,13,,61-72,5,15,Tanaka,Owens,,03:33,D,34416,--,
1393,USW00014739,"BOSTON, MA US",9/4/15,10.74,0,0,69,40,23,1,0,0,0,0,0,0,0,0,0,0,0,0,0,0,0,2015,"Friday, Sep 4,2015",boxscore,BOS,,PHI,W,7,5,,62-72,5,14,Kelly,Morgan,Ross,03:22,N,33674,+,
1403,USW00014739,"BOSTON, MA US",9/5/15,7.16,0,0,65,110,14.1,0,0,0,0,0,0,0,0,0,0,0,0,0,0,0,0,2015,"Saturday, Sep 5,2015",boxscore,BOS,,PHI,W,9,2,,63-72,5,14,Miley,Asher,,02:24,D,36534,++,
1415,USW00014739,"BOSTON, MA US",9/6/15,9.62,0,0,70,190,18.1,0,0,0,0,0,0,0,0,0,0,0,0,0,0,0,0,2015,"Sunday, Sep 6,2015",boxscore,BOS,,PHI,W,6,2,,64-72,5,14,Rodriguez,Eickhoff,,02:57,D,34708,+++,
1421,USW00014739,"BOSTON, MA US",9/7/15,11.86,0,0,77,240,21,0,0,0,0,0,0,0,0,0,0,0,0,0,0,0,0,2015,"Monday, Sep 7,2015",boxscore,BOS,,TOR,W,11,4,,65-72,4,13,Porcello,Buehrle,,02:48,D,33659,++++,
1433,USW00014739,"BOSTON, MA US",9/8/15,7.38,0.2,0,81,50,21,0,0,0,0,0,0,1,0,0,0,0,0,0,0,0,0,2015,"Tuesday, Sep 8,2015",boxscore,BOS,,TOR,L,1,5,10,65-73,5,14,Sanchez,Ogando,,03:23,N,33432,-,
1443,USW00014739,"BOSTON, MA US",9/9/15,12.75,0,0,80,200,21.9,0,0,0,0,0,0,0,0,0,0,0,0,0,0,0,0,2015,"Wednesday, Sep 9,2015",boxscore,BOS,,TOR,W,10,4,,66-73,5,13,Kelly,Hutchison,,03:31,N,34464,+,
1543,USW00014739,"BOSTON, MA US",9/21/15,10.74,0,0,60,30,19.9,0,0,0,0,0,0,0,0,0,0,0,0,0,0,0,0,2015,"Monday, Sep 21,2015",boxscore,BOS,,TBR,W,8,7,,72-77,4,13.5,Machi,Gomes,Ross,03:47,N,33673,+++,
1553,USW00014739,"BOSTON, MA US",9/22/15,9.4,0,0,63,70,16.1,0,0,0,0,0,0,0,0,0,0,0,0,0,0,0,0,2015,"Tuesday, Sep 22,2015",boxscore,BOS,,TBR,L,2,5,,72-78,5,13.5,Moore,Owens,Boxberger,02:43,N,33673,-,
1563,USW00014739,"BOSTON, MA US",9/23/15,5.59,0,0,61,140,10.1,0,0,0,0,0,0,0,0,0,0,0,0,0,0,0,0,2015,"Wednesday, Sep 23,2015",boxscore,BOS,,TBR,L,2,6,,72-79,5,14.5,Smyly,Porcello,Boxberger,03:30,N,32753,--,
1573,USW00014739,"BOSTON, MA US",9/24/15,8.5,0,0,65,70,16.1,0,0,0,0,0,0,0,0,0,0,0,0,0,0,0,0,2015,"Thursday, Sep 24,2015",boxscore,BOS,,TBR,L,2,4,,72-80,5,15,Ramirez,Miley,Boxberger,02:39,N,34916,---,
1583,USW00014739,"BOSTON, MA US",9/25/15,8.72,0,0,61,60,17,0,0,0,0,0,0,0,0,0,0,0,0,0,0,0,0,2015,"Friday, Sep 25,2015",boxscore,BOS,,BAL,W,7,0,,73-80,5,15,Hill,Gausman,,02:42,N,32411,+,
1593,USW00014739,"BOSTON, MA US",9/26/15,9.62,0,0,58,30,19.9,0,0,0,0,0,0,0,0,0,0,0,0,0,0,0,0,2015,"Saturday, Sep 26,2015",boxscore,BOS,,BAL,W,8,0,,74-80,5,15,Hembree,Chen,,02:56,D,36316,++,
1603,USW00014739,"BOSTON, MA US",9/27/15,6.93,0,0,56,170,15,0,0,0,0,0,0,0,0,0,0,0,0,0,0,0,0,2015,"Sunday, Sep 27,2015",boxscore,BOS,,BAL,W,2,0,,75-80,4,15,Owens,Jimenez,Ross,02:28,D,33306,+++,
616,USW00014739,"BOSTON, MA US",4/11/16,16.78,0.01,0,48,210,31.1,0,0,0,0,0,0,0,0,0,0,0,0,0,0,0,0,2016,"Monday, Apr 11,2016",boxscore,BOS,,BAL,L,7,9,,3-Mar,3,3,Brach,Kimbrel,Britton,03:26,D,37160,--,
716,USW00014739,"BOSTON, MA US",4/12/16,15.88,0.22,0,55,210,30,1,0,0,0,0,0,1,0,0,0,0,0,0,0,0,0,2016,"Tuesday, Apr 12,2016",boxscore,BOS,,BAL,L,5,9,,4-Mar,3,4,Wright,Buchholz,,03:23,N,31114,---,
815,USW00014739,"BOSTON, MA US",4/13/16,10.29,0,0,45,100,17,0,0,0,0,0,0,0,0,0,0,0,0,0,0,0,0,2016,"Wednesday, Apr 13,2016",boxscore,BOS,,BAL,W,4,2,,4-Apr,3,3,Kelly,Jimenez,Kimbrel,03:13,N,31011,+,
916,USW00014739,"BOSTON, MA US",4/15/16,11.41,0,0,45,30,21.9,0,0,0,0,0,0,0,0,0,0,0,0,0,0,0,0,2016,"Friday, Apr 15,2016",boxscore,BOS,,TOR,W,5,3,,4-May,2,2.5,Porcello,Dickey,Kimbrel,03:02,N,31415,++,
1016,USW00014739,"BOSTON, MA US",4/16/16,13.42,0,0,47,30,28,0,0,0,0,0,0,0,0,0,0,0,0,0,0,0,0,2016,"Saturday, Apr 16,2016",boxscore,BOS,,TOR,W,4,2,,4-Jun,2,1.5,Price,Estrada,Kimbrel,02:43,D,36267,+++,
1116,USW00014739,"BOSTON, MA US",4/17/16,7.61,0,0,46,100,12.1,0,0,0,0,0,0,0,0,0,0,0,0,0,0,0,0,2016,"Sunday, Apr 17,2016",boxscore,BOS,,TOR,L,3,5,,5-Jun,2,2,Sanchez,Wright,,03:09,D,37217,-,
1216,USW00014739,"BOSTON, MA US",4/18/16,8.5,0,0,51,60,23,0,0,0,0,0,0,0,0,0,0,0,0,0,0,0,0,2016,"Monday, Apr 18,2016",boxscore,BOS,,TOR,L,3,4,,6-Jun,2,2.5,Happ,Uehara,Storen,03:12,D,37168,--,
1316,USW00014739,"BOSTON, MA US",4/19/16,8.5,0.02,0,47,20,17,0,0,0,0,0,0,0,0,0,0,0,0,0,0,0,0,2016,"Tuesday, Apr 19,2016",boxscore,BOS,,TBR,L,0,3,10,7-Jun,3,2.5,Ramirez,Barnes,Colome,03:25,N,32061,---,
1416,USW00014739,"BOSTON, MA US",4/20/16,12.3,0,0,49,330,18.1,0,0,0,0,0,0,0,0,0,0,0,0,0,0,0,0,2016,"Wednesday, Apr 20,2016",boxscore,BOS,,TBR,W,7,3,,7-Jul,2,2.5,Porcello,Archer,,03:02,N,31689,+,
1516,USW00014739,"BOSTON, MA US",4/21/16,9.62,0,0,55,260,21,0,0,0,0,0,0,0,0,0,0,0,0,0,0,0,0,2016,"Thursday, Apr 21,2016",boxscore,BOS,,TBR,L,8,12,,8-Jul,2,3.5,Ramirez,Cuevas,Colome,04:16,D,37954,-,
216,USW00014739,"BOSTON, MA US",4/27/16,9.84,0,0,45,200,21.9,0,0,0,0,0,0,0,0,0,0,0,0,0,0,0,0,2016,"Wednesday, Apr 27,2016",boxscore,BOS,,ATL,W,9,4,,9-Dec,2,0.5,Wright,Norris,,03:02,N,33380,++++,
224,USW00014739,"BOSTON, MA US",4/28/16,10.51,0,0,49,110,21,0,0,0,0,0,0,0,0,0,0,0,0,0,0,0,0,2016,"Thursday, Apr 28,2016",boxscore,BOS,,ATL,L,3,5,,10-Dec,2,1.5,Chacin,Buchholz,Vizcaino,03:22,N,32232,-,
232,USW00014739,"BOSTON, MA US",4/29/16,12.3,0,0,47,110,21,0,0,0,0,0,0,0,0,0,0,0,0,0,0,0,0,2016,"Friday, Apr 29,2016",boxscore,BOS,,NYY,W,4,2,,13-10,2,1.5,Uehara,Betances,Kimbrel,02:50,N,37115,+,
244,USW00014739,"BOSTON, MA US",4/30/16,10.74,0,0,49,110,21,0,0,0,0,0,0,0,0,0,0,0,0,0,0,0,0,2016,"Saturday, Apr 30,2016",boxscore,BOS,,NYY,W,8,0,,14-10,2,0.5,Porcello,Pineda,,03:30,N,37901,++,
264,USW00014739,"BOSTON, MA US",5/1/16,7.38,0.1,0,48,120,16.1,1,0,0,0,0,0,0,0,0,0,0,0,0,0,0,0,2016,"Sunday, May 1,2016",boxscore,BOS,,NYY,W,8,7,,15-10,1,up 0.5,Price,Nova,Kimbrel,03:17,N,34279,+++,
334,USW00014739,"BOSTON, MA US",5/9/16,14.99,0,0,55,270,28,0,0,0,0,0,0,0,0,0,0,0,0,0,0,0,0,2016,"Monday, May 9,2016",boxscore,BOS,,OAK,W,14,7,,19-13,1,Tied,Buchholz,Gray,,03:46,N,35227,++,
344,USW00014739,"BOSTON, MA US",5/10/16,9.4,0,0,57,290,17,0,0,0,0,0,0,0,0,0,0,0,0,0,0,0,0,2016,"Tuesday, May 10,2016",boxscore,BOS,,OAK,W,13,5,,20-13,1,Tied,O'Sullivan,Manaea,,03:07,N,32167,+++,
354,USW00014739,"BOSTON, MA US",5/11/16,7.38,0,0,61,80,16.1,0,0,0,0,0,0,0,0,0,0,0,0,0,0,0,0,2016,"Wednesday, May 11,2016",boxscore,BOS,,OAK,W,13,3,,21-13,1,Tied,Porcello,Surkamp,,03:17,N,33283,++++,
364,USW00014739,"BOSTON, MA US",5/12/16,9.17,0,0,61,140,17,0,0,0,0,0,0,0,0,0,0,0,0,0,0,0,0,2016,"Thursday, May 12,2016",boxscore,BOS,,HOU,W,11,1,,22-13,1,Tied,Price,Keuchel,,02:56,N,34982,+++++,
374,USW00014739,"BOSTON, MA US",5/13/16,9.17,0.11,0,61,200,19.9,1,0,0,0,0,0,0,0,0,0,0,0,0,0,0,0,2016,"Friday, May 13,2016",boxscore,BOS,,HOU,L,6,7,,22-14,2,1,Feldman,Barnes,Gregerson,03:49,N,33148,-,
384,USW00014739,"BOSTON, MA US",5/14/16,11.41,0,0,66,220,25.9,0,0,0,0,0,0,0,0,0,0,0,0,0,0,0,0,2016,"Saturday, May 14,2016",boxscore,BOS,,HOU,W-wo,6,5,11,23-14,2,1,Uehara,Feliz,,04:13,D,37430,+,
394,USW00014739,"BOSTON, MA US",5/15/16,19.46,0,0,58,260,33.1,0,0,0,0,0,0,0,0,0,0,0,0,0,0,0,0,2016,"Sunday, May 15,2016",boxscore,BOS,,HOU,W,10,9,,24-14,1,Tied,Hembree,Feldman,Kimbrel,03:40,D,35736,++,
434,USW00014739,"BOSTON, MA US",5/20/16,8.95,0,0,60,220,15,0,0,0,0,0,0,0,0,0,0,0,0,0,0,0,0,2016,"Friday, May 20,2016",boxscore,BOS,,CLE,L,2,4,,25-17,2,1,Kluber,Buchholz,Allen,03:07,N,37354,-,
444,USW00014739,"BOSTON, MA US",5/21/16,8.5,0,0,64,200,19.9,0,0,0,0,0,0,0,0,0,0,0,0,0,0,0,0,2016,"Saturday, May 21,2016",boxscore,BOS,,CLE,W,9,1,,26-17,2,1,Kelly,Bauer,,03:17,D,37254,+,
454,USW00014739,"BOSTON, MA US",5/22/16,6.71,0,0,57,70,17,0,0,0,0,0,0,0,0,0,0,0,0,0,0,0,0,2016,"Sunday, May 22,2016",boxscore,BOS,,CLE,W,5,2,,27-17,1,Tied,Porcello,Salazar,Kimbrel,03:23,D,36021,++,
464,USW00014739,"BOSTON, MA US",5/24/16,10.29,0.26,0,56,60,19.9,1,0,0,0,0,0,0,0,0,0,0,0,0,0,0,0,2016,"Tuesday, May 24,2016",boxscore,BOS,,COL,W,8,3,,28-17,1,up 1.0,Price,DeåÊLaåÊRosa,,02:55,N,36123,+++,
474,USW00014739,"BOSTON, MA US",5/25/16,7.61,0,0,63,270,18.1,1,0,0,0,0,0,0,0,0,0,0,0,0,0,0,0,2016,"Wednesday, May 25,2016",boxscore,BOS,,COL,W,10,3,,29-17,1,up 2.0,Wright,Bettis,,03:09,N,36430,++++,
484,USW00014739,"BOSTON, MA US",5/26/16,8.05,0,0,72,110,19.9,0,0,0,0,0,0,0,0,0,0,0,0,0,0,0,0,2016,"Thursday, May 26,2016",boxscore,BOS,,COL,L,2,8,,29-18,1,up 2.0,Gray,Buchholz,,02:51,N,36162,-,
574,USW00014739,"BOSTON, MA US",6/3/16,8.05,0,0,60,110,16.1,0,0,0,0,0,0,0,0,0,0,0,0,0,0,0,0,2016,"Friday, Jun 3,2016",boxscore,BOS,,TOR,L,2,5,,32-23,1,Tied,Dickey,Price,Osuna,03:10,N,37129,---,
582,USW00014739,"BOSTON, MA US",6/4/16,6.49,0,0,65,70,13,1,0,0,0,0,0,1,0,0,0,0,0,0,0,0,0,2016,"Saturday, Jun 4,2016",boxscore,BOS,,TOR,W,6,4,,33-23,1,up 1.0,Wright,Stroman,Kimbrel,03:08,D,37762,+,
594,USW00014739,"BOSTON, MA US",6/5/16,8.5,0.91,0,64,270,21,1,0,0,0,0,0,0,0,0,0,0,0,0,0,0,0,2016,"Sunday, Jun 5,2016",boxscore,BOS,,TOR,L,4,5,,33-24,1,Tied,Estrada,Rodriguez,,02:44,D,35823,-,
654,USW00014739,"BOSTON, MA US",6/14/16,12.3,0,0,67,310,25.1,0,0,0,0,0,0,0,0,0,0,0,0,0,0,0,0,2016,"Tuesday, Jun 14,2016",boxscore,BOS,,BAL,L,2,3,,36-27,2,1,Tillman,Price,Britton,02:47,N,38009,--,
664,USW00014739,"BOSTON, MA US",6/15/16,10.07,0,0,74,290,18.1,0,0,0,0,0,0,0,0,0,0,0,0,0,0,0,0,2016,"Wednesday, Jun 15,2016",boxscore,BOS,,BAL,W,6,4,,37-27,1,Tied,Wright,Gausman,Kimbrel,02:58,N,36233,+,
674,USW00014739,"BOSTON, MA US",6/16/16,6.93,0,0,71,110,17,0,0,0,0,0,0,0,0,0,0,0,0,0,0,0,0,2016,"Thursday, Jun 16,2016",boxscore,BOS,,BAL,L,1,5,,37-28,2,1,Wilson,Rodriguez,,02:53,N,36757,-,
684,USW00014739,"BOSTON, MA US",6/17/16,8.28,0.12,0,66,250,32,0,0,1,0,0,0,0,0,0,0,0,0,0,0,0,0,2016,"Friday, Jun 17,2016",boxscore,BOS,,SEA,L,4,8,,37-29,2,1,Iwakuma,Elias,Cishek,02:49,N,35896,--,
694,USW00014739,"BOSTON, MA US",6/18/16,9.84,0,0,66,90,18.1,0,0,1,0,0,0,0,0,0,0,0,0,0,0,0,0,2016,"Saturday, Jun 18,2016",boxscore,BOS,,SEA,W,6,2,,38-29,2,1,Porcello,Sampson,,02:53,D,37195,+,
704,USW00014739,"BOSTON, MA US",6/19/16,11.63,0,0,68,200,23,0,0,0,0,0,0,0,0,0,0,0,0,0,0,0,0,2016,"Sunday, Jun 19,2016",boxscore,BOS,,SEA,W,2,1,,39-29,2,1,Price,Diaz,Kimbrel,03:05,D,37211,++,
717,USW00014739,"BOSTON, MA US",6/20/16,12.75,0,0,71,200,19.9,0,0,0,0,0,0,0,0,0,0,0,0,0,0,0,0,2016,"Monday, Jun 20,2016",boxscore,BOS,,CHW,L,1,3,10,39-30,2,1,Duke,Kimbrel,Robertson,03:33,N,36291,-,
724,USW00014739,"BOSTON, MA US",6/21/16,12.97,0.02,0,73,230,23.9,0,0,1,0,0,0,0,0,0,0,0,0,0,0,0,0,2016,"Tuesday, Jun 21,2016",boxscore,BOS,,CHW,L,1,3,,39-31,2,1,Sale,Buchholz,Robertson,02:54,N,36544,--,
734,USW00014739,"BOSTON, MA US",6/22/16,9.62,0,0,72,320,25.9,0,0,0,0,0,0,0,0,0,0,0,0,0,0,0,0,2016,"Wednesday, Jun 22,2016",boxscore,BOS,,CHW,L,6,8,,39-32,2,2,Jennings,Uehara,Duke,03:38,N,37413,---,
744,USW00014739,"BOSTON, MA US",6/23/16,8.95,0,0,69,100,18.1,0,0,0,0,0,0,0,0,0,0,0,0,0,0,0,0,2016,"Thursday, Jun 23,2016",boxscore,BOS,,CHW,W-wo,8,7,10,40-32,2,1.5,Kimbrel,Purke,,04:25,D,37790,+,
823,USW00014739,"BOSTON, MA US",7/1/16,11.41,0.2,0,76,180,25.1,1,0,1,0,0,0,0,0,0,0,0,0,0,0,0,0,2016,"Friday, Jul 1,2016",boxscore,BOS,,LAA,W,5,4,,43-36,2,4,Wright,Chacin,Kimbrel,03:36,N,37117,+,
834,USW00014739,"BOSTON, MA US",7/2/16,12.75,0,0,73,290,23,0,0,0,0,0,0,0,0,0,0,0,0,0,0,0,0,2016,"Saturday, Jul 2,2016",boxscore,BOS,,LAA,L,2,21,,43-37,2,4,Santiago,Buchholz,,03:38,N,36552,-,
844,USW00014739,"BOSTON, MA US",7/3/16,10.96,0,0,73,230,18.1,0,0,0,0,0,0,0,0,0,0,0,0,0,0,0,0,2016,"Sunday, Jul 3,2016",boxscore,BOS,,LAA,W,10,5,,44-37,2,3,O'Sullivan,Shoemaker,,03:52,D,36801,+,
854,USW00014739,"BOSTON, MA US",7/4/16,11.86,0,0,77,230,21.9,0,0,0,0,0,0,0,0,0,0,0,0,0,0,0,0,2016,"Monday, Jul 4,2016",boxscore,BOS,,TEX,W,12,5,,45-37,2,2,Porcello,Martinez,,03:40,D,36253,++,
864,USW00014739,"BOSTON, MA US",7/5/16,5.14,0.23,0,70,210,10.1,1,0,0,0,0,0,0,0,0,0,0,0,0,0,0,0,2016,"Tuesday, Jul 5,2016",boxscore,BOS,,TEX,L,2,7,,45-38,3,3,Ramos,Price,,03:21,N,35964,-,
872,USW00014739,"BOSTON, MA US",7/6/16,8.95,0,0,78,230,18.1,0,0,0,0,0,0,0,0,0,0,0,0,0,0,0,0,2016,"Wednesday, Jul 6,2016",boxscore,BOS,,TEX,W,11,6,,46-38,3,3,Wright,Perez,,03:19,N,37175,+,
884,USW00014739,"BOSTON, MA US",7/8/16,10.51,0.02,0,63,70,16.1,1,1,0,0,0,0,0,0,0,0,0,0,0,0,0,0,2016,"Friday, Jul 8,2016",boxscore,BOS,,TBR,W,6,5,,47-38,3,2,Ross,Archer,Uehara,03:20,N,37739,++,
894,USW00014739,"BOSTON, MA US",7/9/16,9.62,0.11,0,62,90,16.1,1,0,0,0,0,0,0,0,0,0,0,0,0,0,0,0,2016,"Saturday, Jul 9,2016",boxscore,BOS,,TBR,W,4,1,,48-38,2,2,Porcello,Moore,Uehara,02:43,D,36900,+++,
904,USW00014739,"BOSTON, MA US",7/10/16,6.26,0.09,0,62,50,13,1,0,0,0,0,0,0,0,0,0,0,0,0,0,0,0,2016,"Sunday, Jul 10,2016",boxscore,BOS,,TBR,W,4,0,,49-38,2,2,Price,Odorizzi,,02:31,D,36669,++++,
944,USW00014739,"BOSTON, MA US",7/19/16,10.74,0,0,78,330,21,0,0,0,0,0,0,0,0,0,0,0,0,0,0,0,0,2016,"Tuesday, Jul 19,2016",boxscore,BOS,,SFG,W,4,0,,52-39,2,0.5,Porcello,Peavy,,02:42,N,38082,+,
954,USW00014739,"BOSTON, MA US",7/20/16,10.29,0,0,74,320,17,0,0,0,0,0,0,0,0,0,0,0,0,0,0,0,0,2016,"Wednesday, Jul 20,2016",boxscore,BOS,,SFG,W,11,7,,53-39,1,up 0.5,Barnes,Cain,,03:46,N,38201,++,
964,USW00014739,"BOSTON, MA US",7/21/16,9.62,0,0,79,220,19.9,0,0,0,0,0,0,0,0,0,0,0,0,0,0,0,0,2016,"Thursday, Jul 21,2016",boxscore,BOS,,MIN,W,13,2,,54-39,1,up 0.5,Wright,Duffey,,02:45,N,37566,+++,
974,USW00014739,"BOSTON, MA US",7/22/16,17.22,0,0,84,230,25.9,0,0,1,0,0,0,0,0,0,0,0,0,0,0,0,0,2016,"Friday, Jul 22,2016",boxscore,BOS,,MIN,L,1,2,,54-40,2,0.5,Gibson,Rodriguez,Kintzler,03:00,N,37001,-,
984,USW00014739,"BOSTON, MA US",7/23/16,10.74,0,0,83,330,29.1,0,0,1,0,0,0,0,0,0,0,0,0,0,0,0,0,2016,"Saturday, Jul 23,2016",boxscore,BOS,,MIN,L,9,11,,54-41,2,1.5,Pressly,Layne,Kintzler,04:11,N,37600,--,
994,USW00014739,"BOSTON, MA US",7/24/16,7.83,0,0,77,270,16.1,0,0,0,0,0,0,0,0,0,0,0,0,0,0,0,0,2016,"Sunday, Jul 24,2016",boxscore,BOS,,MIN,W,8,7,,55-41,2,1.5,Porcello,Milone,Ziegler,03:15,D,36806,+,
1004,USW00014739,"BOSTON, MA US",7/25/16,8.72,0,0,76,190,19.9,0,0,0,0,0,0,0,0,0,0,0,0,0,0,0,0,2016,"Monday, Jul 25,2016",boxscore,BOS,,DET,L,2,4,,55-42,2,2.5,Verlander,Pomeranz,Rodriguez,03:27,N,37479,-,
1017,USW00014739,"BOSTON, MA US",7/26/16,12.53,0,0,84,300,18.1,0,0,0,0,0,0,0,0,0,0,0,0,0,0,0,0,2016,"Tuesday, Jul 26,2016",boxscore,BOS,,DET,L,8,9,,55-43,3,2.5,Wilson,Ross,Rodriguez,03:33,N,38378,--,
1024,USW00014739,"BOSTON, MA US",7/27/16,9.62,0,0,81,110,21,0,0,0,0,0,0,0,0,0,0,0,0,0,0,0,0,2016,"Wednesday, Jul 27,2016",boxscore,BOS,,DET,L,3,4,,55-44,3,2.5,Rondon,Ziegler,Wilson,02:55,D,37842,---,
1154,USW00014739,"BOSTON, MA US",8/9/16,10.96,0,0,75,120,21,0,0,0,0,0,0,0,0,0,0,0,0,0,0,0,0,2016,"Tuesday, Aug 9,2016",boxscore,BOS,,NYY,W,5,3,,61-50,3,1.5,Porcello,Severino,Barnes,03:13,N,38089,+,
1164,USW00014739,"BOSTON, MA US",8/10/16,11.41,0.23,0,74,220,25.9,1,0,0,0,0,0,0,0,0,0,0,0,0,0,0,0,2016,"Wednesday, Aug 10,2016",boxscore,BOS,,NYY,L,4,9,,61-51,3,2.5,Clippard,Abad,,04:15,N,37779,-,
1174,USW00014739,"BOSTON, MA US",8/11/16,9.84,0,0,83,230,19.9,0,0,0,0,0,0,0,0,0,0,0,0,0,0,0,0,2016,"Thursday, Aug 11,2016",boxscore,BOS,,NYY,L,2,4,,61-52,3,3,Cessa,Ziegler,Betances,03:02,N,38161,--,
1184,USW00014739,"BOSTON, MA US",8/12/16,13.2,0.01,0,86,250,23.9,0,0,1,0,0,0,0,0,0,0,0,0,0,0,0,0,2016,"Friday, Aug 12,2016",boxscore,BOS,,ARI,W,9,4,,62-52,3,2.5,Price,Corbin,,02:53,N,37555,+,
1194,USW00014739,"BOSTON, MA US",8/13/16,10.29,0.34,0,74,320,21.9,1,0,1,0,0,0,0,0,0,0,0,0,0,0,0,0,2016,"Saturday, Aug 13,2016",boxscore,BOS,,ARI,W,6,3,,63-52,3,2,Ross,Bradley,Kimbrel,03:12,N,37653,++,
1204,USW00014739,"BOSTON, MA US",8/14/16,11.41,0.18,0,80,210,21.9,1,0,1,0,0,0,0,0,0,0,0,0,0,0,0,0,2016,"Sunday, Aug 14,2016",boxscore,BOS,,ARI,W,16,2,,64-52,3,2,Porcello,Greinke,,02:49,D,36842,+++,
1324,USW00014739,"BOSTON, MA US",8/26/16,9.62,0,0,80,290,21.9,0,0,0,0,0,0,0,0,0,0,0,0,0,0,0,0,2016,"Friday, Aug 26,2016",boxscore,BOS,,KCR,L,3,6,,71-57,2,1,Kennedy,Wright,Herrera,03:14,N,38134,---,
1334,USW00014739,"BOSTON, MA US",8/27/16,9.17,0,0,78,100,17,0,0,0,0,0,0,0,0,0,0,0,0,0,0,0,0,2016,"Saturday, Aug 27,2016",boxscore,BOS,,KCR,W,8,3,,72-57,2,1,Price,Duffy,,03:03,N,37933,+,
1344,USW00014739,"BOSTON, MA US",8/28/16,10.74,0,0,72,110,23,0,0,0,0,0,0,0,0,0,0,0,0,0,0,0,0,2016,"Sunday, Aug 28,2016",boxscore,BOS,,KCR,L,4,10,,72-58,2,2,Strahm,Rodriguez,,03:25,N,37337,-,
1354,USW00014739,"BOSTON, MA US",8/29/16,13.42,0,0,77,320,23.9,0,0,0,0,0,0,0,0,0,0,0,0,0,0,0,0,2016,"Monday, Aug 29,2016",boxscore,BOS,,TBR,W,9,4,,73-58,2,2,Porcello,Andriese,,03:11,N,36948,+,
1363,USW00014739,"BOSTON, MA US",8/30/16,9.17,0,0,71,110,18.1,0,0,0,0,0,0,0,0,0,0,0,0,0,0,0,0,2016,"Tuesday, Aug 30,2016",boxscore,BOS,,TBR,L,3,4,,73-59,2,2,Romero,Buchholz,Colome,03:11,N,37083,-,
1374,USW00014739,"BOSTON, MA US",8/31/16,11.86,0,0,74,230,17,0,0,0,0,0,0,0,0,0,0,0,0,0,0,0,0,2016,"Wednesday, Aug 31,2016",boxscore,BOS,,TBR,W,8,6,,74-59,2,2,Tazawa,Ramirez,Kimbrel,03:10,D,36786,+,
1484,USW00014739,"BOSTON, MA US",9/12/16,8.95,0,0,66,110,15,0,0,0,0,0,0,0,0,0,0,0,0,0,0,0,0,2016,"Monday, Sep 12,2016",boxscore,BOS,,BAL,W,12,2,,81-62,1,up 2.0,Price,Miley,,02:40,N,37551,++,
1494,USW00014739,"BOSTON, MA US",9/13/16,11.41,0,0,70,220,21,0,0,0,0,0,0,0,0,0,0,0,0,0,0,0,0,2016,"Tuesday, Sep 13,2016",boxscore,BOS,,BAL,L,3,6,,81-63,1,up 2.0,Bundy,Pomeranz,Britton,03:29,N,38041,-,
1504,USW00014739,"BOSTON, MA US",9/14/16,14.09,0.06,0,74,330,25.1,0,0,1,0,0,0,0,0,0,0,0,0,0,0,0,0,2016,"Wednesday, Sep 14,2016",boxscore,BOS,,BAL,L,0,1,,81-64,1,up 1.0,Gausman,Porcello,Britton,02:35,N,37973,--,
1517,USW00014739,"BOSTON, MA US",9/15/16,10.07,0,0,63,50,16.1,0,0,0,0,0,0,0,0,0,0,0,0,0,0,0,0,2016,"Thursday, Sep 15,2016",boxscore,BOS,,NYY,W-wo,7,5,,82-64,1,up 2.0,Kelly,Betances,,03:52,N,37767,+,
1524,USW00014739,"BOSTON, MA US",9/16/16,10.51,0,0,62,120,19.9,0,0,0,0,0,0,0,0,0,0,0,0,0,0,0,0,2016,"Friday, Sep 16,2016",boxscore,BOS,,NYY,W,7,4,,83-64,1,up 2.0,Buchholz,Cessa,Kimbrel,03:13,N,37927,++,
1534,USW00014739,"BOSTON, MA US",9/17/16,11.86,0,0,65,200,21,0,0,0,0,0,0,0,0,0,0,0,0,0,0,0,0,2016,"Saturday, Sep 17,2016",boxscore,BOS,,NYY,W,6,5,,84-64,1,up 3.0,Barnes,Warren,Kimbrel,03:36,D,37267,+++,
1544,USW00014739,"BOSTON, MA US",9/18/16,12.97,0,0,73,220,23.9,0,0,0,0,0,0,0,0,0,0,0,0,0,0,0,0,2016,"Sunday, Sep 18,2016",boxscore,BOS,,NYY,W,5,4,,85-64,1,up 3.0,Scott,Clippard,Uehara,03:31,N,37306,++++,
1653,USW00014739,"BOSTON, MA US",9/30/16,17.67,0.13,0,58,50,21.9,1,0,0,0,0,0,0,0,0,0,0,0,0,0,0,0,2016,"Friday, Sep 30,2016",boxscore,BOS,,TOR,W,5,3,,93-67,1,up 5.0,Ziegler,Biagini,Kimbrel,03:25,N,37661,+,
1674,USW00014739,"BOSTON, MA US",10/1/16,14.99,0.71,0,57,30,23.9,1,0,0,0,0,0,0,0,0,0,0,0,0,0,0,0,2016,"Saturday, Oct 1,2016",boxscore,BOS,,TOR,L,3,4,,93-68,1,up 5.0,Osuna,Kimbrel,,03:29,N,37396,-,
1683,USW00014739,"BOSTON, MA US",10/2/16,7.61,0.03,0,55,30,18.1,1,0,0,0,0,0,0,0,0,0,0,0,0,0,0,0,2016,"Sunday, Oct 2,2016",boxscore,BOS,,TOR,L,1,2,,93-69,1,up 4.0,Sanchez,Ziegler,Osuna,03:14,D,36787,--,
177,USW00014739,"BOSTON, MA US",4/3/17,8.95,0,0,47,110,17,0,0,0,0,0,0,0,0,0,0,0,0,0,0,0,0,2017,"Monday, Apr 3,2017",boxscore,BOS,,PIT,W,5,3,,Jan-00,1,Tied,Porcello,Cole,Kimbrel,03:03,D,36594,+,
217,USW00014739,"BOSTON, MA US",4/5/17,8.28,0,0,40,340,14.1,1,0,0,0,0,0,0,0,0,0,0,0,0,0,0,0,2017,"Wednesday, Apr 5,2017",boxscore,BOS,,PIT,W-wo,3,0,12,Feb-00,1,Tied,Kelly,Bastardo,,03:53,N,36137,++,
718,USW00014739,"BOSTON, MA US",4/11/17,11.18,0,0,64,220,18.1,0,0,0,0,0,0,0,0,0,0,0,0,0,0,0,0,2017,"Tuesday, Apr 11,2017",boxscore,BOS,,BAL,W,8,1,,3-Apr,3,0.5,Pomeranz,Bundy,,03:15,N,37497,+,
816,USW00014739,"BOSTON, MA US",4/12/17,7.83,0.02,0,55,290,18.1,1,0,0,0,0,0,0,0,0,0,0,0,0,0,0,0,2017,"Wednesday, Apr 12,2017",boxscore,BOS,,BAL,L,5,12,,4-Apr,3,1.5,Givens,Wright,,03:46,N,32211,-,
918,USW00014739,"BOSTON, MA US",4/13/17,11.18,0,0,53,340,21.9,0,0,0,0,0,0,0,0,0,0,0,0,0,0,0,0,2017,"Thursday, Apr 13,2017",boxscore,BOS,,PIT,W,4,3,,4-May,2,1.5,Barnes,Nicasio,Kimbrel,03:15,D,32400,+,
1018,USW00014739,"BOSTON, MA US",4/14/17,9.4,0,0,51,110,17,0,0,0,0,0,0,0,0,0,0,0,0,0,0,0,0,2017,"Friday, Apr 14,2017",boxscore,BOS,,TBR,L,5,10,,5-May,4,2.5,Archer,Porcello,,03:37,N,36813,-,
1118,USW00014739,"BOSTON, MA US",4/15/17,15.88,0,0,54,220,31.1,0,0,0,0,0,0,0,0,0,0,0,0,0,0,0,0,2017,"Saturday, Apr 15,2017",boxscore,BOS,,TBR,W,2,1,,5-Jun,3,1.5,Sale,Hunter,Kimbrel,02:54,D,36686,+,
1218,USW00014739,"BOSTON, MA US",4/16/17,17.67,0,0,69,250,31.1,0,0,0,0,0,0,0,0,0,0,0,0,0,0,0,0,2017,"Sunday, Apr 16,2017",boxscore,BOS,,TBR,W,7,5,,5-Jul,3,1.5,Kelly,Farquhar,Kimbrel,03:46,D,36209,++,
1318,USW00014739,"BOSTON, MA US",4/17/17,14.32,0,0,70,310,25.9,0,0,0,0,0,0,0,0,0,0,0,0,0,0,0,0,2017,"Monday, Apr 17,2017",boxscore,BOS,,TBR,W,4,3,,5-Aug,3,1,Wright,Snell,Kimbrel,03:07,D,37318,+++,
205,USW00014739,"BOSTON, MA US",4/26/17,10.07,0.56,0,50,30,21,1,1,0,0,0,0,0,0,0,0,0,0,0,0,0,0,2017,"Wednesday, Apr 26,2017",boxscore,BOS,,NYY,L,1,3,,9-Nov,3,3,Severino,Porcello,Chapman,03:16,N,32072,-,
218,USW00014739,"BOSTON, MA US",4/27/17,6.71,0,0,53,90,14.1,1,1,0,0,0,0,0,0,0,0,0,0,0,0,0,0,2017,"Thursday, Apr 27,2017",boxscore,BOS,,NYY,L,0,3,,10-Nov,3,3.5,Tanaka,Sale,,02:21,N,34054,--,
225,USW00014739,"BOSTON, MA US",4/28/17,7.61,0.01,0,63,240,17,1,1,0,0,0,0,0,0,0,0,0,0,0,0,0,0,2017,"Friday, Apr 28,2017",boxscore,BOS,,CHC,W,5,4,,10-Dec,3,2.5,Pomeranz,Arrieta,Kimbrel,03:28,N,37054,+,
233,USW00014739,"BOSTON, MA US",4/29/17,13.2,0,0,73,270,32,0,0,0,0,0,0,0,0,0,0,0,0,0,0,0,0,2017,"Saturday, Apr 29,2017",boxscore,BOS,,CHC,L,4,7,,11-Dec,3,3.5,Lackey,Wright,Davis,03:00,D,36776,-,
245,USW00014739,"BOSTON, MA US",4/30/17,11.63,0.01,0,55,110,19.9,0,0,1,0,0,0,0,0,0,0,0,0,0,0,0,0,2017,"Sunday, Apr 30,2017",boxscore,BOS,,CHC,W,6,2,,13-11,3,2.5,Barnes,Uehara,,03:28,N,36916,+,
265,USW00014739,"BOSTON, MA US",5/1/17,9.17,0,0,47,340,15,1,0,0,0,0,0,0,0,0,0,0,0,0,0,0,0,2017,"Monday, May 1,2017",boxscore,BOS,,BAL,L,2,5,,13-12,3,3.5,Bundy,Porcello,Brach,03:10,N,33489,-,
274,USW00014739,"BOSTON, MA US",5/2/17,8.05,0.19,0,49,280,28,1,0,1,0,0,0,0,0,0,0,0,0,0,0,0,0,2017,"Tuesday, May 2,2017",boxscore,BOS,,BAL,W,5,2,,14-12,3,2.5,Sale,Asher,Kimbrel,02:33,N,32932,+,
285,USW00014739,"BOSTON, MA US",5/3/17,14.76,0,0,56,290,25.1,0,0,0,0,0,0,0,0,0,0,0,0,0,0,0,0,2017,"Wednesday, May 3,2017",boxscore,BOS,,BAL,W,4,2,,15-12,3,2.5,Pomeranz,Gausman,Kimbrel,03:24,N,33162,++,
294,USW00014739,"BOSTON, MA US",5/4/17,11.86,0,0,51,110,23.9,0,0,0,0,0,0,0,0,0,0,0,0,0,0,0,0,2017,"Thursday, May 4,2017",boxscore,BOS,,BAL,L,3,8,,15-13,3,3,Wilson,Kendrick,,03:21,N,36563,-,
365,USW00014739,"BOSTON, MA US",5/12/17,8.28,0.01,0,49,80,16.1,1,0,0,0,0,0,0,0,0,0,0,0,0,0,0,0,2017,"Friday, May 12,2017",boxscore,BOS,,TBR,L,4,5,,18-17,3,4.5,Cobb,Porcello,Colome,03:24,N,36496,-,
375,USW00014739,"BOSTON, MA US",5/13/17,11.86,0.02,0,49,90,21,0,0,0,0,0,0,0,0,0,0,0,0,0,0,0,0,2017,"Saturday, May 13,2017",boxscore,BOS,,TBR,W,6,3,,19-17,3,3.5,Sale,Snell,Kimbrel,02:54,D,35447,+,
385,USW00014739,"BOSTON, MA US",5/14/17,17.9,0.95,0,48,20,25.9,1,0,0,0,0,0,0,0,0,0,0,0,0,0,0,0,2017,"Sunday, May 14,2017",boxscore,BOS,,TBR,L,2,11,,19-18,3,4,Andriese,Pomeranz,,04:32,D,35080,-,
455,USW00014739,"BOSTON, MA US",5/23/17,6.49,0,0,57,350,15,1,0,0,0,0,0,0,0,0,0,0,0,0,0,0,0,2017,"Tuesday, May 23,2017",boxscore,BOS,,TEX,W,11,6,,23-21,3,3.5,Porcello,Cashner,,03:23,N,34769,++,
465,USW00014739,"BOSTON, MA US",5/24/17,5.82,0,0,59,100,12.1,0,0,0,0,0,0,0,0,0,0,0,0,0,0,0,0,2017,"Wednesday, May 24,2017",boxscore,BOS,,TEX,W,9,4,,24-21,3,3.5,Sale,Dyson,,02:59,N,36089,+++,
475,USW00014739,"BOSTON, MA US",5/25/17,14.99,0.63,0,53,60,23.9,1,0,1,0,0,0,0,0,0,0,0,0,0,0,0,0,2017,"Thursday, May 25,2017",boxscore,BOS,,TEX,W,6,2,,25-21,3,3,Pomeranz,Martinez,,03:23,N,33484,++++,
485,USW00014739,"BOSTON, MA US",5/26/17,10.29,0.55,0,53,10,23,1,0,1,0,0,0,0,0,0,0,0,0,0,0,0,0,2017,"Friday, May 26,2017",boxscore,BOS,,SEA,W,3,0,,26-21,2,2,Rodriguez,Gallardo,Kimbrel,03:11,N,35080,+++++,
495,USW00014739,"BOSTON, MA US",5/27/17,9.17,0,0,56,110,17,0,0,0,0,0,0,0,0,0,0,0,0,0,0,0,0,2017,"Saturday, May 27,2017",boxscore,BOS,,SEA,W,6,0,,27-21,2,2,Johnson,Whalen,,02:23,D,36985,++++++,
505,USW00014739,"BOSTON, MA US",5/28/17,8.05,0,0,58,80,17,0,0,0,0,0,0,0,0,0,0,0,0,0,0,0,0,2017,"Sunday, May 28,2017",boxscore,BOS,,SEA,L,0,5,,27-22,2,3,Bergman,Porcello,,03:14,D,37174,-,
625,USW00014739,"BOSTON, MA US",6/9/17,10.07,0,0,63,360,21.9,0,0,0,0,0,0,0,0,0,0,0,0,0,0,0,0,2017,"Friday, Jun 9,2017",boxscore,BOS,,DET,W,5,3,,33-27,2,3,Barnes,Wilson,Kimbrel,03:36,N,36853,+,
635,USW00014739,"BOSTON, MA US",6/10/17,11.41,0,0,73,230,19.9,0,0,0,0,0,0,0,0,0,0,0,0,0,0,0,0,2017,"Saturday, Jun 10,2017",boxscore,BOS,,DET,W,11,3,,34-27,2,3,Sale,Saupold,,03:39,N,37162,++,
645,USW00014739,"BOSTON, MA US",6/11/17,14.32,0,0,79,230,25.9,0,0,0,0,0,0,0,0,0,0,0,0,0,0,0,0,2017,"Sunday, Jun 11,2017",boxscore,BOS,,DET,L,3,8,,34-28,2,4,Norris,Pomeranz,,04:06,N,35457,-,
655,USW00014739,"BOSTON, MA US",6/12/17,10.96,0,0,84,230,19.9,0,0,0,0,0,0,0,0,0,0,0,0,0,0,0,0,2017,"Monday, Jun 12,2017",boxscore,BOS,,PHI,W-wo,6,5,11,35-28,2,4,Barnes,Fien,,04:16,N,36757,+,
665,USW00014739,"BOSTON, MA US",6/13/17,10.51,0.53,0,85,310,31.1,0,0,1,0,0,0,0,0,0,0,0,0,0,0,0,0,2017,"Tuesday, Jun 13,2017",boxscore,BOS,,PHI,W-wo,4,3,12,36-28,2,3,Abad,Garcia,,04:24,N,37141,++,
755,USW00014739,"BOSTON, MA US",6/23/17,12.08,0,0,76,190,25.9,0,0,1,0,0,0,0,0,0,0,0,0,0,0,0,0,2017,"Friday, Jun 23,2017",boxscore,BOS,,LAA,W,9,4,,41-32,1,Tied,Porcello,Meyer,,03:07,N,37034,+,
765,USW00014739,"BOSTON, MA US",6/24/17,12.97,0.08,0,76,270,23.9,1,0,0,0,0,0,0,0,0,0,0,0,0,0,0,0,2017,"Saturday, Jun 24,2017",boxscore,BOS,,LAA,L,3,6,,41-33,1,Tied,Ramirez,Price,Parker,03:34,N,36868,-,
775,USW00014739,"BOSTON, MA US",6/25/17,10.51,0,0,77,290,29.1,0,0,0,0,0,0,0,0,0,0,0,0,0,0,0,0,2017,"Sunday, Jun 25,2017",boxscore,BOS,,LAA,L,2,4,,41-34,1,Tied,Bridwell,Fister,Petit,02:50,D,36474,--,
785,USW00014739,"BOSTON, MA US",6/26/17,11.41,0,0,71,230,21.9,0,0,0,0,0,0,0,0,0,0,0,0,0,0,0,0,2017,"Monday, Jun 26,2017",boxscore,BOS,,MIN,W,4,1,,42-34,1,Tied,Sale,Berrios,Kimbrel,02:55,N,37172,+,
795,USW00014739,"BOSTON, MA US",6/27/17,9.62,0.08,0,68,260,31.1,0,0,1,0,0,0,0,0,0,0,0,0,0,0,0,0,2017,"Tuesday, Jun 27,2017",boxscore,BOS,,MIN,W,9,2,,43-34,1,up 1.0,Pomeranz,Santiago,,03:18,N,36804,++,
805,USW00014739,"BOSTON, MA US",6/28/17,10.96,0,0,67,280,15,0,0,0,0,0,0,0,0,0,0,0,0,0,0,0,0,2017,"Wednesday, Jun 28,2017",boxscore,BOS,,MIN,L,1,4,,43-35,1,Tied,Mejia,Porcello,Kintzler,03:14,N,37487,-,
817,USW00014739,"BOSTON, MA US",6/29/17,12.53,0,0,71,210,18.1,0,0,0,0,0,0,0,0,0,0,0,0,0,0,0,0,2017,"Thursday, Jun 29,2017",boxscore,BOS,,MIN,W,6,3,,44-35,1,up 1.0,Price,Gibson,Kimbrel,03:24,N,37445,+,
935,USW00014739,"BOSTON, MA US",7/14/17,7.38,0,0,62,90,13,0,0,0,0,0,0,0,0,0,0,0,0,0,0,0,0,2017,"Friday, Jul 14,2017",boxscore,BOS,,NYY,W-wo,5,4,,51-39,1,up 3.5,Scott,Chapman,,03:27,N,37570,+,
945,USW00014739,"BOSTON, MA US",7/15/17,6.71,0,0,66,110,15,0,0,0,0,0,0,0,0,0,0,0,0,0,0,0,0,2017,"Saturday, Jul 15,2017",boxscore,BOS,,NYY,L,1,4,16,51-40,1,up 2.5,Heller,Fister,,05:50,D,36936,-,
955,USW00014739,"BOSTON, MA US",7/16/17,9.62,0,0,74,110,18.1,0,0,0,0,0,0,0,0,0,0,0,0,0,0,0,0,2017,"Sunday, Jul 16 (1),2017",boxscore,BOS,,NYY,L,0,3,,51-41,1,up 3.0,Sabathia,Porcello,Chapman,03:13,D,37343,--,
965,USW00014739,"BOSTON, MA US",7/16/17,9.62,0,0,74,110,18.1,0,0,0,0,0,0,0,0,0,0,0,0,0,0,0,0,2017,"Sunday, Jul 16 (2),2017",boxscore,BOS,,NYY,W,3,0,,52-41,1,up 3.0,Price,Tanaka,Kimbrel,02:59,N,36719,+,
975,USW00014739,"BOSTON, MA US",7/17/17,8.5,0,0,76,180,15,0,0,0,0,0,0,0,0,0,0,0,0,0,0,0,0,2017,"Monday, Jul 17,2017",boxscore,BOS,,TOR,L,3,4,,52-42,1,up 2.0,Tepera,Hembree,Osuna,03:18,N,36144,-,
985,USW00014739,"BOSTON, MA US",7/18/17,7.83,0.12,0,74,160,18.1,1,0,0,0,0,0,1,0,0,0,0,0,0,0,0,0,2017,"Tuesday, Jul 18,2017",boxscore,BOS,,TOR,W-wo,5,4,15,53-42,1,up 2.0,Velazquez,Bolsinger,,04:59,N,36488,+,
995,USW00014739,"BOSTON, MA US",7/19/17,8.95,0,0,79,240,21,0,0,0,0,0,0,0,0,0,0,0,0,0,0,0,0,2017,"Wednesday, Jul 19,2017",boxscore,BOS,,TOR,W,5,1,,54-42,1,up 3.0,Pomeranz,Sanchez,,02:47,N,37360,++,
1005,USW00014739,"BOSTON, MA US",7/20/17,7.61,0,0,84,230,18.1,0,0,0,0,0,0,0,0,0,0,0,0,0,0,0,0,2017,"Thursday, Jul 20,2017",boxscore,BOS,,TOR,L,6,8,,54-43,1,up 2.5,Leone,Fister,Osuna,03:25,D,37094,-,
1074,USW00014739,"BOSTON, MA US",7/28/17,7.83,0,0,72,120,15,0,0,0,0,0,0,0,0,0,0,0,0,0,0,0,0,2017,"Friday, Jul 28,2017",boxscore,BOS,,KCR,L,2,4,,56-48,2,0.5,Vargas,Porcello,Herrera,02:44,N,37321,-,
1083,USW00014739,"BOSTON, MA US",7/29/17,13.87,0,0,68,40,23,0,0,0,0,0,0,0,0,0,0,0,0,0,0,0,0,2017,"Saturday, Jul 29,2017",boxscore,BOS,,KCR,W-wo,9,8,10,57-48,2,0.5,Barnes,Minor,,04:45,N,36912,+,
1095,USW00014739,"BOSTON, MA US",7/30/17,10.07,0,0,66,80,16.1,0,0,0,0,0,0,0,0,0,0,0,0,0,0,0,0,2017,"Sunday, Jul 30,2017",boxscore,BOS,,KCR,L,3,5,,57-49,2,0.5,Hammel,Barnes,Herrera,03:13,D,36480,-,
1105,USW00014739,"BOSTON, MA US",7/31/17,8.5,0,0,70,190,19.9,0,0,0,0,0,0,0,0,0,0,0,0,0,0,0,0,2017,"Monday, Jul 31,2017",boxscore,BOS,,CLE,W,6,2,,58-49,2,0.5,Fister,Clevinger,,02:47,N,37169,+,
1125,USW00014739,"BOSTON, MA US",8/1/17,7.61,0,0,74,110,15,0,0,0,0,0,0,0,0,0,0,0,0,0,0,0,0,2017,"Tuesday, Aug 1,2017",boxscore,BOS,,CLE,W-wo,12,10,,59-49,1,up 0.5,Kimbrel,Allen,,03:36,N,37126,++,
1133,USW00014739,"BOSTON, MA US",8/3/17,10.07,0,0,74,190,18.1,0,0,0,0,0,0,0,0,0,0,0,0,0,0,0,0,2017,"Thursday, Aug 3,2017",boxscore,BOS,,CHW,W,9,5,,60-49,1,up 2.0,Porcello,Gonzalez,,03:26,N,37442,+++,
1145,USW00014739,"BOSTON, MA US",8/4/17,10.07,0,0,75,200,19.9,0,0,0,0,0,0,0,0,0,0,0,0,0,0,0,0,2017,"Friday, Aug 4,2017",boxscore,BOS,,CHW,W-wo,3,2,11,61-49,1,up 3.0,Hembree,Bummer,,03:43,N,36612,++++,
1155,USW00014739,"BOSTON, MA US",8/5/17,9.84,0.16,0,72,180,19.9,1,0,0,0,0,0,0,0,0,0,0,0,0,0,0,0,2017,"Saturday, Aug 5,2017",boxscore,BOS,,CHW,W,4,1,,62-49,1,up 3.0,Pomeranz,Shields,Kimbrel,02:41,N,36599,+++++,
1165,USW00014739,"BOSTON, MA US",8/6/17,14.09,0,0,71,270,23,0,0,0,0,0,0,0,0,0,0,0,0,0,0,0,0,2017,"Sunday, Aug 6,2017",boxscore,BOS,,CHW,W,6,3,,63-49,1,up 3.0,Fister,Pelfrey,Kimbrel,02:36,D,37283,++++++,
1225,USW00014739,"BOSTON, MA US",8/14/17,5.82,0,0,72,100,13,0,0,0,0,0,0,0,0,0,0,0,0,0,0,0,0,2017,"Monday, Aug 14,2017",boxscore,BOS,,CLE,L,3,7,,67-51,1,up 4.5,Bauer,Fister,,03:14,N,37430,-,
1235,USW00014739,"BOSTON, MA US",8/15/17,8.95,0,0,73,190,17,1,0,0,0,0,0,0,0,0,0,0,0,0,0,0,0,2017,"Tuesday, Aug 15,2017",boxscore,BOS,,STL,W,10,4,,68-51,1,up 4.5,Porcello,Leake,,02:52,N,37345,+,
1245,USW00014739,"BOSTON, MA US",8/16/17,10.51,0,0,75,320,19.9,1,0,0,0,0,0,1,0,0,0,0,0,0,0,0,0,2017,"Wednesday, Aug 16,2017",boxscore,BOS,,STL,W-wo,5,4,,69-51,1,up 4.5,Kimbrel,Duke,,03:35,N,37181,++,
1255,USW00014739,"BOSTON, MA US",8/18/17,10.74,0.24,0,72,190,23,1,0,0,0,0,0,0,0,0,0,0,0,0,0,0,0,2017,"Friday, Aug 18,2017",boxscore,BOS,,NYY,W,9,6,,70-51,1,up 5.0,Reed,Kahnle,Kimbrel,04:09,N,36784,+++,
1265,USW00014739,"BOSTON, MA US",8/19/17,6.26,0.01,0,70,90,16.1,1,1,0,0,0,0,1,0,0,0,0,0,0,0,0,0,2017,"Saturday, Aug 19,2017",boxscore,BOS,,NYY,L,3,4,,70-52,1,up 4.0,Sabathia,Sale,Betances,03:09,N,37274,-,
1275,USW00014739,"BOSTON, MA US",8/20/17,10.74,0,0,75,310,19.9,0,0,0,0,0,0,0,0,0,0,0,0,0,0,0,0,2017,"Sunday, Aug 20,2017",boxscore,BOS,,NYY,W,5,1,,71-52,1,up 5.0,Porcello,Gray,,03:36,D,36911,+,
1325,USW00014739,"BOSTON, MA US",8/25/17,7.83,0,0,68,320,14.1,0,0,0,0,0,0,0,0,0,0,0,0,0,0,0,0,2017,"Friday, Aug 25,2017",boxscore,BOS,,BAL,L,3,16,,73-55,1,up 4.5,Hellickson,Porcello,,03:37,N,37191,--,
1335,USW00014739,"BOSTON, MA US",8/26/17,7.61,0,0,67,110,16.1,0,0,0,0,0,0,0,0,0,0,0,0,0,0,0,0,2017,"Saturday, Aug 26,2017",boxscore,BOS,,BAL,L,0,7,,73-56,1,up 3.5,Gausman,Rodriguez,,02:58,D,36655,---,
1345,USW00014739,"BOSTON, MA US",8/27/17,7.61,0,0,65,90,15,0,0,0,0,0,0,0,0,0,0,0,0,0,0,0,0,2017,"Sunday, Aug 27,2017",boxscore,BOS,,BAL,L,1,2,,73-57,1,up 2.5,Miley,Fister,Brach,03:22,D,36625,----,
1435,USW00014739,"BOSTON, MA US",9/4/17,13.87,0,0,66,220,21.9,0,0,0,0,0,0,0,0,0,0,0,0,0,0,0,0,2017,"Monday, Sep 4,2017",boxscore,BOS,,TOR,L,4,10,,77-61,1,up 2.5,Happ,Porcello,,03:25,N,34311,---,
1445,USW00014739,"BOSTON, MA US",9/5/17,17,0,0,74,200,23.9,0,0,0,0,0,0,0,0,0,0,0,0,0,0,0,0,2017,"Tuesday, Sep 5,2017",boxscore,BOS,,TOR,W-wo,3,2,19,78-61,1,up 3.5,Velazquez,Rowley,,06:00,N,33009,+,
1455,USW00014739,"BOSTON, MA US",9/6/17,8.28,0.22,0,70,320,21,1,0,1,0,0,0,0,0,0,0,0,0,0,0,0,0,2017,"Wednesday, Sep 6,2017",boxscore,BOS,,TOR,W,6,1,,79-61,1,up 4.0,Fister,Biagini,,02:57,N,33190,++,
1465,USW00014739,"BOSTON, MA US",9/8/17,10.29,0,0,65,290,16.1,0,0,0,0,0,0,0,0,0,0,0,0,0,0,0,0,2017,"Friday, Sep 8,2017",boxscore,BOS,,TBR,W,9,3,,80-61,1,up 4.5,Pomeranz,Archer,,03:14,N,34781,+++,
1475,USW00014739,"BOSTON, MA US",9/9/17,8.28,0.01,0,62,330,14.1,0,0,0,0,0,0,0,0,0,0,0,0,0,0,0,0,2017,"Saturday, Sep 9,2017",boxscore,BOS,,TBR,W,9,0,,81-61,1,up 4.5,Sale,Andriese,,03:05,N,36734,++++,
1485,USW00014739,"BOSTON, MA US",9/10/17,8.72,0,0,62,360,16.1,0,0,0,0,0,0,0,0,0,0,0,0,0,0,0,0,2017,"Sunday, Sep 10,2017",boxscore,BOS,,TBR,L,1,4,,81-62,1,up 3.5,Cobb,Porcello,Colome,03:22,D,35859,-,
1495,USW00014739,"BOSTON, MA US",9/12/17,8.5,0,0,72,250,19.9,0,0,0,0,0,0,0,0,0,0,0,0,0,0,0,0,2017,"Tuesday, Sep 12,2017",boxscore,BOS,,OAK,W,11,1,,82-62,1,up 4.0,Rodriguez,Manaea,,03:06,N,34355,+,
1505,USW00014739,"BOSTON, MA US",9/13/17,8.5,0.03,0,71,110,15,0,0,1,0,0,0,0,0,0,0,0,0,0,0,0,0,2017,"Wednesday, Sep 13,2017",boxscore,BOS,,OAK,L,3,7,,82-63,1,up 3.0,Cotton,Fister,,03:07,N,36366,-,
1519,USW00014739,"BOSTON, MA US",9/14/17,11.18,0.33,0,74,220,40.9,1,0,1,0,0,0,1,0,0,0,0,0,0,0,0,0,2017,"Thursday, Sep 14,2017",boxscore,BOS,,OAK,W,6,2,,83-63,1,up 3.0,Pomeranz,Gossett,,03:19,D,35470,+,
1619,USW00014739,"BOSTON, MA US",9/25/17,4.7,0,0,71,100,13,1,1,0,0,0,0,0,0,0,0,0,0,0,0,0,0,2017,"Monday, Sep 25,2017",boxscore,BOS,,TOR,L,4,6,,91-65,1,up 4.0,Anderson,Pomeranz,Osuna,02:57,N,33940,-,
1625,USW00014739,"BOSTON, MA US",9/26/17,4.92,0,0,69,110,12.1,1,1,0,0,0,0,0,0,0,0,0,0,0,0,0,0,2017,"Tuesday, Sep 26,2017",boxscore,BOS,,TOR,L,4,9,,91-66,1,up 3.0,Happ,Sale,,03:04,N,33999,--,
1635,USW00014739,"BOSTON, MA US",9/27/17,8.5,0,0,74,190,16.1,0,0,0,0,0,0,0,0,0,0,0,0,0,0,0,0,2017,"Wednesday, Sep 27,2017",boxscore,BOS,,TOR,W,10,7,,92-66,1,up 3.0,Porcello,Estrada,,02:57,N,34445,+,
1644,USW00014739,"BOSTON, MA US",9/28/17,13.2,0,0,75,340,25.1,0,0,0,0,0,0,0,0,0,0,0,0,0,0,0,0,2017,"Thursday, Sep 28,2017",boxscore,BOS,,HOU,L,2,12,,92-67,1,up 3.0,Peacock,Rodriguez,,03:31,N,34222,-,
1654,USW00014739,"BOSTON, MA US",9/29/17,9.4,0,0,59,320,15,0,0,0,0,0,0,0,0,0,0,0,0,0,0,0,0,2017,"Friday, Sep 29,2017",boxscore,BOS,,HOU,L,2,3,,92-68,1,up 2.0,Morton,Fister,Giles,02:47,N,36623,--,
1664,USW00014739,"BOSTON, MA US",9/30/17,10.51,1.55,0,56,30,25.9,1,0,1,0,0,0,1,0,0,0,0,0,0,0,0,0,2017,"Saturday, Sep 30,2017",boxscore,BOS,,HOU,W,6,3,,93-68,1,up 2.0,Pomeranz,McCullers,,03:19,D,35722,+,
1684,USW00014739,"BOSTON, MA US",10/1/17,8.28,0,0,55,300,13,0,0,0,0,0,0,0,0,0,0,0,0,0,0,0,0,2017,"Sunday, Oct 1,2017",boxscore,BOS,,HOU,L,3,4,,93-69,1,up 2.0,McHugh,Abad,Clippard,03:09,D,34517,-,